0,1,2,3,4,5,6,7,8,9,10,11,12,13,14,15,16,17,18,19,20,21,22,23,24,25,26,27,28,29,30,31,32,33,34,35,36,37,38,39,40,41,42,43,44,45,46,47,48,49,50,51,52,53,54,55,56,57,58,59,60,61,62,63,64,65,66,67,68,69,70,71,72,73,74,75,76,77,78,79,80,81,82,83,84,85,86,87,88,89,90,91,92,93,94,95,96,97,98,99,100,101,102,103,104,105,106,107,108,109,110,111,112,113,114,115,116,117,118,119,120,121,122,123,124,125,126,127,128,129,130,131,132,133,134,135,136,137,138,139,140,141,142,143,144,145,146,147,148,149,150,151,152,153,154,155,156,157,158,159,160,161,162,163,164,165,166,167,168,169,170,171,172,173,174,175,176,177,178,179,180,181,182,183,184,185,186,187,188,189,190,191,192,193,194,195,196,197,198,199,200,201,202,203,204,205,206,207,208,209,210,211,212,213,214,215,216,217,218,219,220,221,222,223,224,225,226,227,228,229,230,231,232,233,234,235,236,237,238,239,240,241,242,243,244,245,246,247,248,249,250,251,252,253,254,255
1347,1816,1994,1699,2286,2546,2840,2836,2846,3043,3140,3023,2758,1941,2615,2663,2832,2441,2147,1922,1738,1545,1200,1635,1688,1676,1630,1524,1535,1459,1426,1095,1317,1380,1415,1351,1324,1395,1290,1292,1266,972,1246,1287,1350,1312,1310,1255,1306,1262,959,1176,1300,1345,1329,1277,1330,1352,1289,1000,1172,1343,1189,1215,1164,1150,1135,1030,974,752,875,870,851,941,878,958,873,791,670,778,800,797,787,748,705,696,670,586,740,733,726,680,697,697,638,646,579,475,531,609,695,618,639,612,576,538,439,537,568,601,544,513,539,484,426,387,440,452,506,469,457,467,450,443,434,375,410,538,533,484,522,525,489,436,365,417,454,479,421,498,463,443,467,379,443,456,527,506,507,554,511,468,449,374,466,480,450,441,429,448,407,354,310,384,397,388,386,428,391,375,320,233,354,354,360,354,376,360,362,322,315,231,267,267,277,264,245,239,224,185,149,174,201,168,172,182,203,171,169,125,153,126,113,105,85,108,96,83,46,31,42,31,21,5,2,5,2,1,0,1,0,0,0,0,0,0,0,0,0,0,0,0,0,0,0,0,0,0,0,0,0,0,0,0,0,0,0,0,0,0,0,0,0,0,0,0
1066,1375,1372,1169,1338,1347,1297,1466,1583,1505,1366,1333,1289,996,1201,1323,1457,1402,1352,1372,1622,1128,822,1114,1168,1213,1247,1283,1318,1301,1225,938,1245,1364,1371,1365,1378,1378,1398,1454,1363,1102,1408,1598,1614,1597,1513,1592,1666,1459,1221,1545,1766,1902,1706,1486,1342,1356,1230,991,1198,1233,1180,1167,1134,1154,1091,1136,1034,811,1020,1120,1077,1084,1076,1014,1103,948,746,911,951,1033,922,929,921,876,844,702,871,982,986,985,1015,1016,915,936,782,655,838,831,973,878,941,910,920,814,648,845,860,903,886,941,907,924,824,698,839,882,979,903,875,892,889,918,805,670,861,919,927,974,968,942,974,877,688,873,915,952,1026,1118,932,922,813,684,797,840,838,779,758,800,804,815,654,532,658,612,609,598,548,554,485,446,373,400,382,379,370,366,339,296,272,207,230,226,220,191,201,148,137,88,111,88,88,77,53,58,38,42,20,19,19,22,20,20,9,4,10,8,2,5,5,12,4,7,5,7,4,5,5,5,9,4,1,4,4,0,2,0,0,0,0,0,0,0,0,0,0,0,0,0,0,0,0,0,0,0,0,0,0,0,0,0,0,0,0,0,0,0,0,0,0,0,0,0,0,0
2582,3139,3312,3026,3195,3205,3133,3222,3357,3477,3474,3203,2855,2284,2745,2710,2868,2870,2994,3079,2890,2606,1748,2247,2309,2131,2057,1899,1760,1733,1493,1113,1473,1471,1482,1524,1384,1376,1312,1267,1071,844,1018,1111,1034,1033,1044,1033,1019,965,803,991,1103,1171,1117,1107,1133,1076,970,796,910,934,942,935,927,974,879,841,754,612,731,735,740,691,601,659,599,561,446,510,555,592,601,561,466,471,467,388,460,501,532,538,536,569,546,509,499,392,504,589,586,545,556,557,536,418,333,359,410,389,319,367,334,331,283,273,294,330,316,329,344,341,344,293,286,232,301,330,372,357,331,344,365,379,293,302,348,362,318,298,342,311,302,249,311,359,375,334,375,380,384,321,288,216,328,345,342,322,346,357,382,363,267,352,415,403,403,397,409,359,320,255,345,366,390,433,402,414,393,330,296,227,297,306,330,286,294,223,251,182,175,187,195,216,186,211,171,148,137,106,106,127,136,110,117,115,92,65,61,40,58,64,51,45,43,43,30,21,25,18,35,32,40,31,27,35,24,25,36,26,34,29,41,41,58,47,37,41,39,48,43,35,55,52,46,40,39,36,36,46,35,30,31,35,31,64
2378,2685,2995,2883,2822,2864,2746,2973,3287,3464,3330,3134,2790,2434,2466,2271,2484,2640,2713,2632,2697,1745,1169,1525,1594,1823,1815,1906,1752,1664,1484,1154,1481,1541,1586,1546,1597,1447,1374,1288,1184,980,1177,1274,1379,1451,1396,1291,1385,1271,930,1206,1270,1292,1203,1296,1226,1210,1074,885,1087,1130,1130,1127,1171,1153,1096,1007,938,801,848,944,934,911,936,889,818,744,579,677,680,657,678,613,588,556,457,354,458,467,523,507,509,482,440,454,404,318,369,364,352,365,354,368,356,319,266,355,331,378,347,362,333,338,284,234,271,285,264,316,315,270,265,258,245,198,243,249,250,261,265,239,284,240,201,235,289,288,260,270,266,283,255,233,281,287,299,280,281,283,287,307,285,262,266,286,298,294,302,327,321,308,234,313,312,359,352,378,384,381,342,271,338,387,351,394,392,339,404,369,348,251,377,397,354,366,363,386,364,290,236,315,284,326,322,321,360,326,327,256,282,353,401,428,458,463,381,336,227,172,166,159,145,100,65,58,46,32,44,38,29,31,28,28,21,19,11,11,17,22,17,17,22,22,24,20,26,21,24,28,25,39,18,20,23,33,25,14,15,22,18,21,15,18,17,27
1912,2215,2569,2507,2443,2470,2296,2449,2654,2770,2991,3081,3006,2672,2631,2521,2668,2759,2887,3002,2768,1937,1325,1685,1732,1873,1840,1808,1787,1767,1694,1211,1583,1637,1628,1650,1571,1652,1561,1553,1405,1095,1375,1387,1439,1445,1514,1568,1476,1358,1206,1364,1478,1520,1571,1523,1516,1532,1328,1104,1311,1363,1379,1378,1334,1232,1270,1112,1053,771,988,1017,964,994,947,885,899,797,616,734,785,832,780,761,794,666,575,461,499,571,573,542,592,541,549,532,453,365,436,411,421,418,424,363,336,327,248,344,361,436,363,366,371,382,347,243,296,288,286,308,329,315,336,326,250,214,306,270,274,240,264,273,250,243,183,243,262,261,247,230,245,288,274,208,274,283,275,308,334,289,320,277,298,210,312,323,342,297,316,345,298,278,215,317,371,319,424,426,388,410,373,251,393,363,348,378,402,404,401,373,333,250,365,362,415,387,344,331,305,226,124,143,142,137,79,23,7,6,6,5,5,16,13,15,10,16,11,14,15,7,14,18,11,14,14,20,15,8,14,13,6,3,10,5,9,4,1,3,1,2,4,3,2,1,2,2,4,3,6,2,1,1,2,1,1,4,0,1,0,0,0,0,0,0,0,0
160,235,238,202,236,240,193,216,272,263,269,252,272,255,258,310,377,404,466,485,520,494,361,506,575,676,773,889,1031,1035,1019,875,1227,1513,1689,1579,1543,1570,1478,1403,1221,1061,1309,1309,1301,1363,1409,1532,1417,1425,1153,1396,1530,1587,1526,1473,1530,1458,1327,1150,1452,1533,1486,1485,1448,1419,1364,1369,1288,1059,1259,1338,1308,1302,1242,1252,1211,1025,889,1071,1172,1134,1173,1263,1139,1204,1051,917,1027,1099,1108,1101,1057,1100,1189,1119,1012,832,994,1100,1201,1189,1115,1129,1035,966,791,944,1042,1029,1110,1067,1039,998,1040,780,1012,1102,1071,1040,1040,1010,960,932,910,736,920,995,1122,1116,1124,1040,1013,929,774,958,981,920,1004,913,874,910,848,700,892,928,981,932,886,1063,978,985,851,716,852,943,938,867,905,885,856,749,598,721,708,724,791,755,656,653,561,467,594,539,543,539,464,427,405,388,318,277,304,335,286,288,262,270,252,206,161,171,166,169,197,193,172,153,140,108,150,126,97,120,135,130,105,92,70,47,53,34,26,16,7,5,4,1,1,2,6,1,5,2,1,1,0,1,0,0,0,0,0,0,0,0,0,0,0,0,0,0,0,0,0,0,0,0,0,0,0,0,0,0,0,0
218,292,336,315,371,436,436,562,568,626,676,721,781,596,922,1081,1249,1356,1450,1581,1772,1753,1308,1842,1892,1962,1832,1616,1514,1417,1221,972,1195,1299,1301,1325,1418,1428,1505,1477,1321,1047,1360,1439,1459,1484,1519,1416,1438,1355,1109,1394,1597,1651,1696,1575,1593,1570,1517,1186,1437,1495,1569,1495,1578,1588,1450,1322,1236,967,1192,1262,1239,1250,1260,1173,1199,1106,873,1038,1138,1166,1208,1164,1210,1190,1044,856,1053,1133,1185,1140,1188,1157,1104,1076,989,786,997,1052,1064,1050,998,993,975,901,674,855,879,833,888,912,842,798,733,636,747,805,818,830,787,817,728,705,708,595,684,702,706,765,718,679,664,598,505,644,629,624,660,694,669,651,587,464,550,584,569,593,575,648,663,630,566,441,495,510,542,598,583,493,491,477,345,447,535,530,486,528,512,492,393,351,372,438,462,391,386,416,349,325,294,249,292,309,312,269,233,229,222,247,155,202,211,216,175,165,189,168,146,94,125,94,91,84,73,47,51,46,48,44,62,91,80,48,8,0,0,0,0,0,0,0,0,0,0,0,0,0,0,0,0,0,0,0,0,0,0,0,0,0,0,0,0,0,0,0,0,0,0,0,0,0,0,0,0,0
1379,2156,2505,2065,2504,2605,2504,2561,2695,2828,2868,2927,2529,1926,2656,2766,3000,2931,2793,2656,2322,2074,1429,1804,1840,2029,1939,1947,1882,1751,1639,1357,1663,1804,1883,1791,1643,1606,1585,1517,1328,1052,1310,1354,1308,1252,1190,1080,1117,999,768,963,1051,1007,1058,1069,1077,1062,936,717,868,872,935,890,902,912,876,846,692,573,671,764,785,797,729,739,812,677,548,650,731,703,722,699,714,689,652,462,604,642,706,715,716,651,616,608,596,437,590,583,607,537,554,540,565,512,399,509,556,586,588,527,583,598,509,414,493,534,545,496,492,488,507,507,487,403,527,565,526,549,565,562,558,514,427,592,608,605,606,604,674,595,527,388,488,509,513,503,463,391,390,362,319,250,350,378,408,359,400,407,402,339,282,346,359,410,443,515,448,485,400,321,392,409,413,418,452,465,378,290,233,159,176,194,178,188,188,172,219,128,76,107,104,104,121,103,71,57,45,44,29,30,18,26,18,16,11,8,5,5,8,2,2,1,0,0,0,0,0,0,0,0,0,0,0,0,0,0,0,0,0,0,0,0,0,0,0,0,0,0,0,0,0,0,0,0,0,0,0,0,0,0,0,0,0,0
1505,1962,2241,1952,2488,3047,3492,3675,3923,3863,3461,3183,2826,2111,2822,3183,3111,3072,2785,2497,2269,1826,1378,1659,1784,1863,1786,1796,1698,1657,1513,1169,1457,1565,1593,1591,1555,1493,1551,1525,1415,1171,1316,1416,1381,1450,1335,1286,1274,1162,900,1103,1166,1194,1128,1199,1143,1088,938,767,906,933,891,845,933,875,855,845,761,603,756,790,759,810,772,720,726,651,504,633,665,700,696,709,594,649,550,543,598,615,662,656,638,607,627,613,475,426,477,551,575,562,582,586,569,526,381,502,533,596,552,537,576,568,540,463,574,610,578,559,552,527,524,484,480,378,422,526,498,494,517,540,542,483,398,487,576,534,556,566,614,587,591,436,497,512,550,531,623,596,637,577,603,363,500,450,425,340,279,227,196,184,158,194,188,176,179,148,142,138,122,111,132,131,142,117,114,122,117,104,97,87,106,125,117,115,121,107,94,95,68,84,78,75,69,74,70,49,44,38,44,40,30,29,28,25,25,11,11,9,6,4,2,1,0,0,0,0,0,0,0,0,0,0,0,0,0,0,0,0,0,0,0,0,0,0,0,0,0,0,0,0,0,0,0,0,0,0,0,0,0,0,0,0,0,0
4530,6165,6409,5699,5753,5893,5808,5810,5911,5374,4709,3953,3293,2552,2839,2773,2815,2706,2724,2786,2595,2369,1645,2039,2093,2042,1906,1799,1705,1479,1341,1024,1366,1381,1330,1359,1196,1153,1044,989,813,679,835,914,938,953,943,853,766,735,540,729,740,800,809,785,808,753,652,556,648,710,709,692,638,597,632,548,565,447,482,489,498,466,447,463,426,400,357,391,445,430,451,402,358,310,290,267,307,352,309,305,331,304,294,293,260,225,277,302,306,333,385,374,341,306,232,241,307,273,254,285,255,298,246,198,235,266,239,253,268,260,214,225,220,166,195,168,213,211,181,192,197,200,185,218,211,224,194,208,209,216,202,160,194,184,180,160,155,162,171,156,161,124,180,189,211,203,177,159,173,181,147,191,180,186,202,183,201,174,165,144,183,203,191,211,215,222,272,245,229,185,228,238,313,302,301,346,349,297,240,261,302,238,247,251,238,246,212,132,139,114,85,49,47,22,37,19,13,19,23,19,23,26,14,27,31,25,23,42,34,35,35,32,44,30,19,15,26,25,28,39,31,23,23,23,21,19,32,22,39,46,43,43,43,34,31,38,33,20,14,26,29,19,6,16
3313,3906,4445,4310,4152,4368,3777,4595,4610,4303,3996,3719,3251,2781,2801,2539,2756,2841,3070,3348,3258,2183,1388,1663,1779,1770,1784,1721,1741,1585,1456,1077,1404,1548,1573,1570,1569,1387,1230,1277,1200,941,1114,1269,1269,1281,1172,1231,1231,1192,896,1218,1237,1244,1260,1255,1201,1252,1139,926,1060,1158,1118,1021,1068,1050,1017,938,772,620,818,887,879,816,766,745,762,686,489,657,632,592,601,595,602,597,540,408,524,604,539,465,465,422,357,322,332,265,283,296,330,301,291,268,269,252,220,257,242,245,256,254,260,227,203,159,201,199,207,183,201,180,222,214,184,136,190,207,220,199,216,194,203,157,159,192,198,239,194,214,188,230,191,158,211,235,215,236,243,273,252,228,252,158,235,294,286,275,325,314,346,319,247,294,315,307,334,360,364,336,323,234,316,324,327,331,315,308,303,225,188,138,173,149,128,92,107,74,80,50,28,12,9,6,5,9,8,8,7,2,4,7,2,4,5,3,3,5,2,0,0,1,1,0,0,0,3,3,3,8,4,10,4,4,1,0,2,0,0,0,0,0,0,0,0,0,0,0,0,0,0,0,0,0,0,0,0,0,0,0,0,0,0,0,0,0
54,54,62,82,78,85,107,128,178,206,246,215,206,185,259,279,283,303,315,361,459,396,395,515,630,707,742,833,821,912,942,734,980,1151,1230,1354,1437,1592,1791,2009,1999,1483,2132,2789,3544,4489,5786,5353,4428,3567,2434,3435,3691,3059,2613,2280,2140,2010,1752,1222,1575,1658,1603,1557,1526,1510,1513,1383,1370,1023,1343,1509,1446,1490,1525,1450,1482,1341,961,1181,1186,1176,1146,1185,1232,1182,1136,878,1107,1093,1067,1146,1123,1048,1101,991,911,693,922,916,900,929,965,838,859,764,632,841,909,874,836,895,891,899,860,635,827,813,827,800,784,780,863,764,716,575,747,800,789,782,795,778,734,676,517,654,668,715,681,680,640,584,478,349,425,368,394,377,412,413,410,365,338,322,339,352,318,319,305,284,267,234,230,230,257,223,252,198,220,222,183,156,167,164,160,168,155,135,143,138,116,87,112,97,91,94,77,70,55,29,44,20,28,27,29,18,14,8,7,10,7,5,3,2,4,4,0,0,1,1,0,0,0,1,3,4,1,0,0,0,0,0,0,0,0,0,0,0,0,0,0,0,0,0,0,0,0,0,0,0,0,0,0,0,0,0,0,0,0,0,0,0,0,0,0,0
827,1147,1202,1185,1331,1514,1665,2069,2554,3408,4145,4457,3753,2582,3535,3702,3439,2940,2458,2376,1929,1658,1204,1537,1533,1509,1418,1377,1319,1180,1267,887,1251,1238,1329,1324,1444,1391,1430,1384,1279,967,1223,1378,1417,1477,1442,1377,1397,1259,965,1243,1420,1514,1443,1529,1471,1549,1359,1145,1455,1508,1462,1523,1452,1449,1162,1058,940,763,912,945,881,867,904,879,826,754,575,716,730,736,720,739,651,681,643,544,668,752,717,648,661,660,671,622,542,455,597,577,624,587,542,538,537,501,412,541,547,541,534,492,530,528,457,379,474,507,554,506,485,521,460,471,461,352,468,508,470,475,600,491,492,436,330,459,497,469,425,454,437,403,388,297,437,449,473,480,459,475,448,396,369,297,359,344,389,343,335,381,336,318,220,291,302,307,285,315,283,275,223,216,249,202,227,250,201,223,194,206,203,156,212,212,217,210,215,196,202,205,143,210,202,213,216,226,187,216,205,145,208,204,196,225,211,175,126,101,77,50,55,47,21,20,9,5,1,2,4,0,0,0,0,0,0,0,0,0,0,0,0,0,0,0,0,0,0,0,0,0,0,0,0,0,0,0,0,0,0,0,0,0,0,0,0,0
0,1,2,2,3,1,1,3,5,13,15,20,27,27,41,50,41,62,65,95,105,118,134,180,232,299,373,423,431,467,564,541,870,1063,1202,1177,1416,1660,2026,2386,2505,1755,3299,3874,4145,5065,5571,5019,4388,3993,2657,3834,3790,3636,3479,3319,3395,3385,2824,1775,2238,2325,2021,1858,1932,1825,1637,1508,1401,956,1277,1241,1270,1282,1208,1246,1197,1177,920,1149,1138,1162,1121,1148,1196,1086,979,757,952,965,993,1017,1037,1053,1024,926,893,656,860,875,929,867,841,855,860,713,572,711,764,729,685,700,614,632,571,495,663,683,574,547,605,548,561,574,550,398,455,507,540,535,553,522,547,475,353,445,480,510,451,484,459,415,364,288,358,418,375,397,375,384,391,405,332,323,335,350,308,306,321,307,323,265,202,247,253,224,259,246,285,300,277,206,234,221,223,228,215,210,213,199,169,132,151,171,156,144,139,162,157,126,113,142,121,133,143,136,120,111,119,90,107,135,133,118,92,70,64,48,48,32,37,23,29,19,16,14,12,7,6,4,4,3,8,1,2,0,0,0,0,1,0,0,0,0,0,0,0,0,0,0,0,0,0,0,0,0,0,0,0,0,0,0,0,0,0,0
2139,3114,3368,2651,3019,3331,3455,3654,3653,3873,4134,3963,3146,2444,3182,3307,3294,3038,2947,2764,2503,2372,1739,2232,2352,2228,2167,2063,1915,1849,1711,1238,1598,1554,1494,1583,1522,1591,1551,1429,1321,1026,1266,1322,1270,1252,1190,1097,1141,980,752,933,1066,989,1040,977,1086,945,900,691,811,894,915,891,925,882,812,767,713,549,681,716,677,688,675,561,623,528,494,554,580,615,627,575,563,581,491,396,457,498,482,495,520,522,503,530,469,353,452,465,496,510,483,406,408,353,349,398,448,417,430,436,393,382,362,301,346,380,323,395,354,379,376,371,349,283,298,372,332,362,349,338,377,313,265,328,320,329,330,263,343,341,270,224,317,355,309,334,375,397,405,428,393,288,391,414,428,487,457,448,376,346,221,256,273,250,223,251,214,196,198,144,196,180,190,205,188,200,210,190,187,133,192,194,168,158,169,173,178,167,134,187,159,186,188,161,187,171,109,48,73,72,54,40,43,40,33,31,20,18,14,7,3,6,2,1,0,0,0,0,0,0,0,0,0,0,0,0,0,0,0,0,0,0,0,0,0,0,0,0,0,0,0,0,0,0,0,0,0,0,0,0,0,0,0,0
4523,5912,6447,5911,6363,6623,6698,6869,7198,7380,7729,7132,6067,3865,4625,4573,4441,4293,4165,3650,3053,2542,1764,2071,2141,2096,2070,1829,1706,1428,1206,835,991,1048,983,876,838,719,670,607,532,413,511,541,519,532,492,499,467,432,306,423,435,470,428,491,464,497,415,331,351,431,428,411,376,380,359,332,295,273,330,357,350,323,306,278,306,229,194,235,272,222,208,236,237,219,184,175,209,220,184,187,186,162,157,159,152,134,129,146,145,156,147,152,147,146,104,97,125,116,136,133,134,120,103,87,100,106,103,90,95,86,91,87,91,80,91,99,101,119,95,89,103,91,65,99,114,109,106,105,100,105,83,76,92,86,91,119,95,77,92,88,82,73,88,81,74,89,68,70,86,79,56,86,74,91,92,98,96,102,118,99,122,161,164,134,155,142,130,137,131,103,181,189,208,230,201,215,206,152,127,172,178,209,229,240,205,190,165,98,118,88,75,46,23,34,17,29,15,14,16,26,14,19,29,28,22,25,22,21,18,24,21,18,16,12,8,7,8,7,12,6,12,21,25,25,27,20,17,28,33,29,40,43,51,45,34,34,38,62,59,40,47,51,74,169
3893,5208,5374,4798,5149,5098,4591,5017,5595,5926,6112,5866,5238,3971,4439,4658,4930,5070,5350,5394,5685,3154,2020,2721,2812,2552,2581,2249,1917,1751,1612,1148,1462,1513,1445,1504,1509,1414,1233,1087,1023,716,843,929,827,870,820,737,739,670,424,667,669,636,567,622,540,533,469,377,508,509,534,482,476,396,374,378,332,258,298,328,316,307,310,274,248,218,166,202,198,202,201,161,147,130,153,116,146,145,146,148,141,143,160,135,124,108,98,117,135,108,104,104,116,103,83,66,86,88,75,96,77,87,71,66,67,87,88,102,89,107,89,86,66,62,74,61,77,70,64,68,69,52,47,57,68,64,49,49,62,42,40,50,63,74,71,75,73,73,67,60,61,46,50,66,68,78,74,55,73,65,39,64,80,88,92,82,100,87,82,62,93,120,111,86,113,117,102,111,101,83,114,114,122,120,136,117,128,96,97,118,112,119,106,121,139,129,125,97,154,162,171,210,201,206,220,188,112,58,81,78,67,41,40,40,27,14,9,4,5,4,1,2,5,4,5,4,10,8,10,7,6,1,4,7,1,2,4,5,6,6,7,5,3,4,2,3,4,0,0,1,0,0,0,0
2813,3992,4632,4709,5223,5727,5103,6253,6485,6599,6021,5118,4501,3453,3914,3558,3933,3830,4182,4392,4288,2700,1869,2367,2700,2850,2804,2822,2863,2690,2116,1450,1895,1888,1664,1549,1417,1418,1197,1139,1029,767,883,960,949,959,896,920,886,807,596,802,791,849,792,761,702,659,605,490,588,645,695,557,559,517,502,469,460,360,450,463,439,399,400,352,368,308,269,285,344,270,275,276,239,203,207,160,192,203,205,186,190,155,166,142,151,130,149,114,116,132,124,117,102,95,63,90,98,74,82,111,93,92,75,65,67,101,96,91,78,85,96,75,82,70,60,73,73,80,77,75,64,69,55,76,86,104,115,97,108,113,108,94,104,118,95,104,92,121,107,110,121,94,111,101,110,125,96,112,139,139,91,123,133,114,123,143,110,108,97,81,136,105,130,140,143,155,136,134,124,97,155,137,133,144,136,120,115,106,59,114,93,88,68,54,38,24,23,13,14,9,2,3,3,3,4,2,3,0,0,1,2,3,2,2,0,1,0,0,0,0,0,0,0,0,0,0,0,0,0,0,0,0,0,0,0,0,0,0,0,0,0,0,0,0,0,0,0,0,0,0,0,0,0,0
214,304,400,363,441,568,600,628,594,727,739,582,639,535,684,726,838,845,946,931,915,817,619,836,948,938,1067,1065,1103,1203,1171,907,1236,1415,1539,1613,1691,1785,1826,1935,2067,1617,2819,3836,3593,4026,4641,5376,5388,5684,4047,6885,8019,6818,4136,2974,2477,2153,1768,1187,1357,1310,1132,1057,1046,1077,957,921,859,597,828,818,837,860,808,887,841,707,490,684,757,773,685,701,657,610,543,410,577,536,547,552,504,517,548,548,506,425,513,542,553,489,512,521,477,486,338,425,464,444,506,479,459,443,370,336,450,439,518,449,474,482,515,416,441,355,420,418,461,424,435,412,427,381,287,452,476,475,451,470,430,383,354,276,365,360,347,382,370,392,363,303,309,266,293,316,349,362,361,325,338,269,225,272,271,316,283,298,298,291,233,194,212,229,218,219,229,200,219,205,151,116,130,164,121,138,129,105,80,68,47,53,53,33,27,20,23,18,13,10,6,2,6,9,6,3,1,3,3,0,0,1,0,0,0,0,0,0,0,0,0,0,0,0,0,0,0,0,0,0,0,0,0,0,0,0,0,0,0,0,0,0,0,0,0,0,0,0,0,0,0,0,0,0,0,0
1262,1765,1955,1671,1857,1868,1961,2078,2041,2148,2563,2788,2986,2105,3478,4643,5153,5519,5576,5520,5708,4322,2891,4137,4050,3565,2968,2843,2361,2017,1710,1208,1510,1553,1559,1518,1384,1311,1238,1148,956,776,977,1055,978,1043,970,931,879,828,700,830,882,921,897,866,902,802,737,620,806,780,822,831,818,781,792,801,702,541,741,652,725,723,695,727,686,670,509,612,593,666,656,617,586,592,497,384,516,541,526,590,567,654,558,554,456,360,502,508,519,607,442,460,493,427,346,478,488,524,449,427,436,433,389,300,383,416,423,405,377,395,357,338,306,250,319,341,325,342,331,335,317,316,233,326,337,357,356,331,337,321,295,218,264,261,292,268,302,264,292,298,248,211,248,260,269,253,272,246,244,201,175,219,228,247,269,205,209,182,187,130,139,183,178,149,164,163,148,115,106,89,118,117,129,128,98,73,81,75,61,69,72,73,58,45,47,36,24,28,37,24,27,22,23,31,28,33,25,12,28,20,9,3,0,0,0,0,0,0,0,0,0,0,0,0,0,0,0,0,0,0,0,0,0,0,0,0,0,0,0,0,0,0,0,0,0,0,0,0,0,0,0,0,0,0
3012,4972,5044,4870,5177,5415,4858,5278,5376,4937,4491,4171,3577,2601,2627,2496,2552,2420,2303,2083,1880,1423,993,1311,1403,1459,1326,1296,1383,1294,1227,871,1130,1106,1133,1138,1140,1048,1011,991,887,741,983,957,1043,965,922,995,960,967,815,979,979,1015,1022,1006,1028,982,874,695,818,891,903,940,984,894,892,774,766,546,662,698,742,793,758,733,691,645,492,642,656,634,584,636,589,503,500,452,521,556,581,526,524,521,534,490,479,393,494,500,479,490,464,469,488,473,360,442,481,466,479,442,415,434,393,287,357,406,416,378,400,360,343,364,311,259,329,357,357,357,368,343,325,291,247,298,276,292,284,269,290,298,274,226,285,300,309,288,288,289,299,251,241,204,261,264,275,227,251,240,223,273,162,222,276,229,227,185,225,216,233,141,183,202,206,215,201,224,158,192,158,138,149,171,166,161,204,190,177,175,136,171,166,170,182,173,198,188,151,102,112,138,141,120,112,98,112,102,93,69,56,62,48,72,54,49,46,42,23,35,32,29,25,13,15,16,16,5,7,5,3,4,1,1,0,1,1,0,0,0,1,0,0,0,0,0,0,0,0,0,0,0,0,0,0,0
3056,4625,4771,4198,4680,4794,4233,4269,4272,4064,3609,3302,2986,2104,2785,3049,3014,2735,2726,2600,2248,1844,1306,1654,1698,1684,1812,1720,1577,1541,1353,964,1308,1332,1286,1386,1317,1317,1209,1195,1143,865,1053,1052,1061,1132,1073,1044,1018,881,664,866,993,986,1001,1009,1037,964,896,624,803,807,804,868,887,847,827,717,682,582,636,700,741,695,731,691,668,628,504,624,684,701,657,677,656,563,547,409,547,565,596,620,595,609,562,555,547,471,524,548,515,516,530,507,440,462,394,462,509,493,532,519,515,471,417,335,447,446,421,421,389,410,387,417,357,366,390,387,430,381,384,380,377,372,293,405,365,356,400,362,428,385,324,258,325,344,330,342,329,309,291,347,327,226,340,298,323,292,299,300,295,267,213,270,336,336,314,327,291,274,245,191,223,261,237,226,216,199,198,136,122,100,99,92,89,77,95,90,87,65,51,70,50,66,81,67,67,45,40,26,34,32,36,33,26,16,18,22,13,6,10,11,12,7,4,2,4,2,2,1,0,0,0,0,0,0,0,0,0,0,0,0,0,0,0,0,0,0,0,0,0,0,0,0,0,0,0,0,0,0,0,0,0,0,0,0
3830,5135,5642,5084,5523,6143,6301,7397,8112,8541,8845,6310,5107,3437,4116,3857,3788,3777,3474,3309,3356,2616,1774,2287,2321,2182,2074,2000,1813,1795,1619,1178,1474,1406,1396,1429,1477,1363,1288,1231,1032,794,976,1006,1036,1006,1005,926,877,772,503,685,636,625,598,501,463,464,358,293,328,296,289,255,268,228,229,192,186,126,170,137,130,115,149,135,130,123,113,111,144,136,116,141,126,114,110,81,84,112,120,114,90,86,77,86,74,68,81,71,83,79,85,92,90,74,63,92,88,102,89,104,87,73,82,61,89,102,93,100,115,91,108,95,98,67,101,89,89,100,104,116,124,137,104,124,155,163,158,135,170,168,159,126,167,192,209,204,188,224,200,212,187,183,236,238,239,298,311,287,246,301,216,272,285,265,268,325,323,322,308,222,292,257,246,171,116,48,47,30,20,11,13,14,9,19,16,12,14,16,9,9,18,11,17,13,5,7,8,5,6,3,2,3,6,1,4,6,3,4,2,7,1,4,4,6,5,1,2,2,6,8,4,6,1,7,2,1,5,1,3,3,6,2,6,6,1,3,5,2,2,0,0,1,0,0,0,0,0,0,0,0,0,0,0,0
1348,2181,2220,1879,2214,2470,2131,3012,4344,3892,2988,2293,1886,1390,1505,1444,1506,1557,1762,1876,2031,1486,1057,1352,1453,1510,1522,1604,1579,1623,1545,1284,1670,1749,1907,1918,2151,2177,2182,2272,2094,1821,2277,2575,2832,3042,3129,3172,3338,3130,2706,3427,3905,3941,4108,4295,4238,4289,4026,3249,4269,4557,4607,4536,4218,4090,3496,3232,2906,2311,2697,2991,2889,2912,2827,2689,2604,2475,2028,2288,2438,2524,2572,2575,2452,2480,2249,1756,2157,2256,2256,2189,2276,2270,2289,2104,1924,1578,1914,2145,2160,2119,2183,2027,1934,1750,1536,1771,1844,1918,1933,1898,1959,1794,1635,1410,1642,1743,1721,1772,1800,1755,1822,1782,1647,1407,1635,1698,1722,1737,1728,1645,1629,1408,1228,1544,1498,1585,1521,1551,1489,1468,1360,1070,1299,1323,1374,1316,1359,1282,1294,1138,1071,896,1084,1071,1071,1048,972,915,831,835,642,758,802,791,750,693,697,647,579,462,536,592,621,657,632,675,625,651,583,480,598,657,677,623,650,676,635,584,459,586,570,600,592,605,578,550,446,342,428,446,383,352,322,286,239,194,153,91,97,81,66,49,41,13,4,0,0,0,0,0,0,0,0,0,0,0,0,0,0,0,0,0,0,0,0,0,0,0,0,0,0,0,0,0,0,0,0,0,0,0,0,0,0,0
2840,4053,4738,4260,4937,4996,4548,5462,5782,5595,5187,4258,3791,2891,3307,3288,3399,3609,3683,3659,3619,3037,2229,2980,3176,3413,3474,3227,3225,3143,3066,2396,3274,3401,3499,3639,3693,3893,4025,3874,3600,2731,3889,3529,3496,3558,3619,3636,3481,3263,2514,3558,3959,3993,3957,3834,3605,3415,3084,2327,2716,2764,2715,2629,2529,2429,2361,2294,2093,1749,1977,2099,2183,2169,2126,2072,1971,1841,1546,1781,1970,1859,1981,1989,1885,1901,1734,1445,1657,1666,1730,1651,1701,1655,1728,1690,1522,1275,1567,1699,1550,1577,1579,1511,1499,1345,1146,1366,1438,1461,1472,1511,1469,1444,1311,1052,1317,1350,1393,1404,1429,1353,1363,1361,1345,1014,1355,1385,1401,1425,1436,1410,1430,1333,1090,1350,1308,1448,1500,1439,1375,1270,1141,801,973,1040,993,938,884,824,770,718,639,460,527,567,546,550,518,418,427,345,312,321,337,297,302,206,190,195,160,95,139,147,132,139,108,109,85,75,58,29,39,41,39,34,30,21,19,15,12,9,10,5,11,8,1,4,2,0,0,0,0,0,0,0,0,0,0,0,0,0,0,0,0,0,0,0,0,0,0,0,0,0,0,0,0,0,0,0,0,0,0,0,0,0,0,0,0,0,0,0,0,0,0,0,0,0,0,0,0,0,0,0,0,0
6274,8742,9668,8884,9315,8753,7957,8284,8582,7925,7366,6605,5992,5018,5559,5559,5642,5530,5421,5592,5194,3739,2514,3218,3507,3538,3523,3571,3482,3484,3256,2431,3041,3214,3296,3346,3201,3230,3387,3169,2900,2393,2934,3049,3069,3072,2970,2977,2741,2631,2005,2556,2563,2634,2591,2432,2506,2517,2334,1787,2281,2390,2441,2470,2500,2529,2401,2346,2009,1479,1701,1704,1503,1405,1393,1396,1266,1211,976,1208,1195,1179,1176,1126,1101,1091,951,797,1012,947,939,937,1051,885,896,872,848,767,826,933,908,847,816,794,832,771,583,747,847,800,801,792,779,749,755,591,732,777,800,795,765,842,774,813,747,666,780,942,818,896,992,881,857,866,660,811,920,905,985,1028,998,990,897,690,931,1036,950,1056,1022,978,998,909,838,631,843,820,798,699,697,662,571,503,375,392,425,371,259,199,144,96,55,52,49,59,40,62,48,56,54,38,35,28,40,25,36,47,32,28,28,19,25,30,32,29,33,33,22,33,28,20,19,22,28,20,28,20,18,20,11,15,11,26,18,23,22,29,31,21,19,17,17,15,11,16,9,11,10,14,7,14,12,12,9,9,10,8,7,2,5,2,0,4,2,1,2,0,0,0,0,0,0,0,0,0,0,0
9212,12547,12347,10199,10223,9721,8489,8704,8712,8380,8148,7198,6066,4592,4967,4598,4898,4662,4511,4399,4176,3370,2314,2702,2835,2653,2656,2451,2354,2050,1934,1553,1917,1930,1881,1872,1951,1887,1865,1800,1694,1324,1738,1858,1914,1993,1997,1944,2048,1940,1487,1872,2042,2275,2240,2332,2221,2095,2012,1621,1937,2112,2241,2209,2169,2101,2045,2010,1840,1490,1759,1902,1875,1864,1740,1718,1701,1483,1222,1536,1568,1556,1448,1453,1414,1372,1276,1085,1288,1356,1478,1498,1493,1424,1469,1485,1455,1177,1365,1496,1461,1435,1470,1369,1363,1287,1003,1212,1295,1226,1127,1067,1033,921,854,683,777,833,774,793,751,761,748,779,674,572,652,705,686,735,693,712,674,624,514,677,718,682,701,706,697,709,682,556,683,701,748,735,701,703,752,764,755,599,689,757,777,697,743,705,694,646,579,667,678,762,741,741,675,718,700,568,705,737,783,739,724,648,607,595,565,430,485,579,509,489,503,428,432,329,266,323,286,254,235,192,180,156,147,77,93,76,83,48,28,17,21,19,17,24,16,23,29,26,30,19,23,13,7,7,9,7,12,13,12,19,15,10,11,17,14,17,8,6,9,6,11,2,10,4,7,2,0,0,0,0,0,0,0,0,0,0,0,0,0,0
5506,7128,7057,5895,6049,5904,5603,5905,5728,5677,5238,4738,4301,3443,3896,3970,4050,4101,3917,3709,3498,3283,2529,3287,3688,3987,4103,4553,4357,4225,3682,2717,3670,3584,3668,3641,3408,3334,3077,2898,2622,1976,2582,2763,2773,2781,2891,2814,2773,2632,2159,2580,2976,3058,3130,3139,3150,3030,2869,2388,2643,2933,2951,2924,2884,2738,2686,2568,2376,1802,2218,2318,2393,2335,2266,2159,2139,1982,1543,1970,1973,1922,1875,1905,1893,1833,1666,1330,1661,1653,1741,1559,1554,1395,1345,1265,1109,887,1002,1077,1008,996,960,955,952,874,749,838,950,960,921,861,938,811,804,637,733,791,774,750,767,733,722,718,685,561,690,699,698,732,757,733,734,675,584,726,734,761,772,797,758,707,687,549,662,722,785,726,762,712,753,708,682,574,738,777,806,829,850,889,841,770,600,808,899,876,904,911,886,898,785,617,813,791,826,783,776,715,678,616,551,362,420,381,355,327,293,257,225,166,101,145,145,157,126,119,78,76,59,46,43,39,58,48,42,31,24,26,22,14,10,13,13,11,13,9,7,12,7,6,11,14,8,16,9,6,9,10,7,8,8,10,6,14,10,11,12,9,7,12,8,6,4,10,6,17,12,25,20,23,22,13,7,6,5,3
38,43,34,44,72,78,113,131,177,237,324,364,389,422,507,664,811,901,1027,1202,1238,1298,1271,1621,1895,2110,2279,2428,2571,2655,2613,2213,2828,3096,3249,3448,3469,3584,3729,3501,3089,2224,2758,2565,2575,2776,3460,4100,3781,3304,2359,3342,3909,4160,3700,3862,4168,4250,4009,3024,4257,4670,5142,5394,4922,4698,4419,4006,3456,2511,3356,3296,3296,3265,3228,3238,3164,3031,2283,2923,3103,3059,3068,2939,2949,2866,2607,1913,2526,2654,2504,2642,2572,2498,2342,2331,2046,1639,2065,2142,2139,2141,2099,2164,2041,1859,1602,1911,2052,2135,1998,2130,2165,2113,1859,1475,1925,2085,2118,2131,2177,1996,2130,2007,1923,1516,2016,2125,2140,2171,2086,2022,1892,1800,1403,1793,1879,1981,2010,1871,1841,1684,1473,1114,1268,1382,1349,1362,1289,1330,1278,1213,1203,1003,1057,1217,1132,1238,1167,1140,1121,1010,846,981,1139,1146,1107,1038,1022,884,838,679,696,762,768,727,596,486,445,376,270,212,176,142,108,84,54,34,18,10,8,5,2,1,1,0,0,4,0,6,2,5,4,3,4,6,6,1,3,2,7,5,3,4,4,1,1,1,0,0,0,0,0,0,0,0,0,0,0,0,0,0,0,0,0,0,0,0,0,0,0,0,0,0,0,0,0,0,0,0,0,0,0,0,0,0
244,358,378,395,420,700,1484,2333,1898,1450,1416,1928,1797,1079,1666,2068,2326,2041,1823,1894,1811,1711,1274,1852,2241,2471,2495,2549,2523,2474,2290,1659,2256,2414,2466,2601,2692,2886,2829,2862,2810,2209,2855,3234,3357,3534,3447,3504,3659,3455,2879,3710,4243,4087,4220,4388,4440,4424,4049,3303,4085,4269,4385,4344,4323,4390,3450,3113,2853,2302,2725,2893,2830,2736,2683,2685,2536,2284,1907,2219,2350,2383,2328,2285,2280,2212,2039,1654,1924,2106,2217,2169,2107,2249,2170,2051,1968,1577,1846,2058,1953,1971,1921,1918,1804,1681,1398,1723,1977,1905,1996,2017,2006,1910,1718,1381,1710,1755,1830,1813,1700,1818,1764,1792,1551,1329,1609,1701,1653,1680,1634,1688,1640,1451,1187,1605,1690,1704,1695,1668,1689,1582,1469,1194,1470,1633,1715,1647,1655,1641,1640,1568,1372,1151,1275,1336,1362,1322,1234,1232,1005,944,756,869,936,887,842,841,740,724,636,507,589,650,555,596,544,530,491,491,446,316,434,490,463,448,455,433,419,334,337,398,418,400,411,381,373,408,353,282,382,353,287,279,262,251,187,181,122,84,85,69,60,46,22,8,3,1,0,0,0,0,0,0,0,0,0,0,0,0,0,0,0,0,0,0,0,0,0,0,0,0,0,0,0,0,0,0,0,0,0,0,0,0,0,0
1212,2227,2518,2358,2736,2614,1838,1845,1873,1682,1430,1347,1236,900,1184,1101,1118,1157,1100,1068,1042,882,692,922,1040,1132,1091,1191,1239,1282,1269,1075,1382,1537,1709,1789,1916,2061,2134,2130,2090,1804,2294,2603,2760,2894,3070,3175,3248,3221,2706,3272,3654,4084,4153,4328,4451,4431,4270,3565,4434,4580,4654,4686,4758,5115,3507,3179,2910,2283,2827,2868,2912,2957,2822,2876,2754,2550,2076,2511,2586,2619,2564,2761,2607,2474,2232,1833,2210,2561,2398,2594,2423,2502,2323,2400,2176,1766,2239,2312,2322,2261,2285,2192,2206,2002,1724,1958,2227,2157,2121,2103,2180,2145,1872,1465,1896,1954,1988,1996,2082,2097,1933,1886,1828,1384,1760,1821,1806,1844,1847,1860,1749,1640,1315,1626,1743,1649,1718,1744,1664,1603,1479,1186,1426,1550,1608,1584,1519,1494,1407,1387,1230,1018,1274,1271,1334,1277,1263,1217,1160,1014,787,1039,998,988,865,861,699,699,617,487,560,594,618,584,589,571,558,603,552,451,536,597,604,592,618,574,601,527,413,533,542,543,531,549,479,510,423,335,419,410,399,394,311,299,275,184,157,101,100,92,55,26,11,9,1,0,1,0,0,0,0,0,0,0,0,0,0,0,0,0,0,0,0,0,0,0,0,0,0,0,0,0,0,0,0,0,0,0,0,0,0,0,0,0
1619,2431,2538,2381,2508,2699,2643,2967,3072,3146,3421,3812,4010,2854,2932,2560,2632,2412,2535,2491,3101,2093,1600,1998,2164,2268,2402,2603,2582,2594,2582,2161,2790,3113,3291,3431,3518,3642,3650,3604,3379,2832,3513,3703,3727,3766,3692,3674,3596,3430,2755,3330,3594,3671,3570,3486,3295,3180,2934,2256,2795,2817,2976,2731,2796,2685,2608,2580,2440,1804,2305,2426,2494,2560,2479,2410,2261,2079,1703,2046,2130,2077,2124,2165,2110,2068,1853,1509,1847,2008,2050,1996,1995,2044,1998,1925,1767,1486,1748,1898,1877,1956,1907,1941,1790,1719,1352,1775,1874,1842,1834,1874,1816,1708,1692,1351,1758,1702,1732,1774,1827,1770,1867,1890,1775,1400,1721,1844,1909,2027,1947,1979,1900,1762,1407,1740,1852,1789,1762,1738,1776,1667,1435,1107,1503,1500,1495,1498,1430,1362,1267,1254,1117,945,1017,1187,1232,1219,1183,1070,936,847,647,826,819,840,734,670,622,472,365,272,296,280,287,260,247,178,156,121,111,46,78,62,50,32,13,4,2,0,0,4,4,6,3,7,5,7,4,5,1,3,1,0,0,0,0,0,0,0,0,0,0,0,0,0,0,0,0,0,0,0,0,0,0,0,0,0,0,0,0,0,0,0,0,0,0,0,0,0,0,0,0,0,0,0,0,0,0,0,0,0,0,0,0,0
4956,6812,7689,6745,7855,8011,8048,7063,6301,5635,5488,4799,4380,3400,3769,3783,4050,4012,4006,4008,3711,3078,2211,2830,2911,2820,2783,2703,2727,2595,2515,1979,2497,2508,2465,2548,2479,2435,2423,2492,2229,1768,2310,2559,2589,2598,2551,2686,2638,2671,2065,2674,2803,2727,2818,2834,2907,2749,2488,2092,2503,2698,2704,2596,2649,2548,2516,2440,2271,1762,2117,2265,2164,2168,2021,2096,2067,1882,1513,1842,1976,2020,1993,2060,1838,1931,1720,1357,1676,1704,1775,1678,1691,1627,1608,1497,1366,1114,1306,1340,1363,1323,1099,1006,1012,885,739,863,1010,927,1035,994,999,958,900,782,855,948,893,906,886,931,885,858,786,679,777,879,812,844,910,897,850,783,672,836,942,981,962,928,968,938,843,687,924,917,891,921,935,890,934,883,842,665,875,879,987,1003,982,997,967,985,707,957,1023,1068,1045,1088,978,978,869,718,907,878,921,829,877,721,644,612,555,487,556,620,592,491,455,418,388,320,244,290,304,284,258,228,178,176,146,99,104,89,73,75,63,52,46,42,27,30,31,46,43,43,34,35,36,30,31,35,53,45,32,38,36,37,32,26,44,48,37,50,36,27,20,25,20,17,18,30,22,28,31,24,21,21,18,29,26,40,23,15,23,14,12,18
6498,8627,9199,8704,8654,8739,7354,7166,7206,6997,6609,6008,4979,4080,4252,4198,4221,4150,3993,3885,3830,2840,1963,2411,2483,2517,2527,2402,2474,2473,2111,1691,2263,2350,2371,2316,2375,2339,2481,2423,2321,1861,2305,2486,2571,2601,2628,2600,2532,2430,2075,2444,2601,2566,2619,2463,2560,2602,2364,1982,2328,2537,2436,2314,2378,2379,2217,2301,2063,1649,1950,2057,2067,2086,1961,1915,1921,1690,1395,1619,1793,1731,1740,1651,1677,1650,1444,1242,1533,1623,1617,1658,1585,1626,1608,1570,1440,1147,1359,1481,1412,1462,1433,1437,1356,1130,881,1042,1071,1007,977,977,962,989,885,692,820,899,968,904,871,890,863,815,853,624,768,843,828,892,826,837,772,728,663,688,771,803,747,787,774,768,725,588,699,796,837,885,887,906,938,803,752,641,789,866,862,868,878,873,901,897,661,845,873,846,905,901,869,891,799,642,856,881,869,928,846,813,815,763,660,526,600,638,648,635,593,573,512,473,304,372,340,348,258,241,177,133,87,44,52,44,36,27,15,15,11,13,11,8,2,13,5,7,7,4,4,2,1,1,1,3,3,2,2,2,4,2,3,2,3,1,2,3,1,2,0,0,0,0,0,0,0,0,0,0,0,0,0,0,0,0,0,0,0,0
3202,4050,4361,4106,4085,4374,4265,4514,4512,4670,4373,4364,4037,3323,4476,5302,5503,5414,5247,5205,4898,4370,3243,4153,4473,4645,4358,4207,3863,3574,3209,2584,3153,3300,3180,3231,3192,3186,3251,3178,2905,2394,2980,3361,3399,3373,3405,3363,3324,3062,2580,3124,3342,3406,3454,3452,3237,3157,2827,2190,2709,2861,2749,2666,2557,2529,2440,2437,2168,1660,2121,2101,2044,2053,1925,1931,1951,1666,1370,1607,1749,1679,1552,1589,1516,1452,1281,1045,1324,1415,1302,1323,1385,1261,1232,1195,1009,835,972,1015,1029,1021,1049,1020,1010,928,765,862,946,854,871,905,834,864,854,670,855,829,904,888,909,937,922,870,838,675,881,895,897,905,891,943,916,811,676,874,963,901,938,954,893,942,856,709,837,936,1003,1029,1062,979,1032,1034,951,706,966,970,1020,987,1160,1164,1125,1098,842,974,1138,1169,1088,1053,942,986,897,669,849,853,833,797,779,690,685,647,620,470,553,548,506,441,389,349,283,241,146,185,178,165,150,148,115,135,103,66,71,59,71,69,44,38,24,16,6,5,2,1,5,1,3,4,2,4,0,1,6,0,3,0,3,0,1,1,2,0,1,2,0,0,0,0,1,1,0,1,5,1,2,0,0,0,0,0,0,0,0,0,0,0,0,0
44,49,48,58,71,103,136,151,200,224,308,355,390,405,545,642,839,981,1063,1284,1313,1323,1232,1625,1917,2049,2365,2576,2824,2874,2649,2410,2999,3353,3603,3808,3719,3806,4071,4260,4056,3121,4385,5030,5005,5189,5141,5569,4083,3724,2949,4105,4534,4298,3514,3196,2943,2729,2557,1990,2420,2541,2559,2500,2507,2504,2544,2453,2284,1758,2120,2358,2315,2425,2349,2350,2309,2088,1634,2017,2163,2125,2146,2161,2165,2037,1936,1523,1931,1952,1921,1923,1959,2059,2055,2062,1937,1544,2042,2168,2228,2251,2205,2250,2136,2036,1582,2122,2339,2245,2341,2351,2417,2332,2328,1885,2278,2482,2564,2610,2503,2493,2553,2534,2282,1900,2329,2554,2494,2707,2624,2695,2622,2408,1951,2475,2766,2613,2663,2686,2485,2403,2164,1812,2162,2414,2262,2102,2036,1954,1892,1844,1567,1335,1559,1701,1749,1686,1580,1475,1435,1325,949,1029,1129,1037,948,847,765,655,539,425,439,421,409,399,357,333,227,167,112,53,44,15,16,12,6,5,3,1,2,5,7,5,4,5,3,2,0,1,2,2,1,1,1,0,0,0,0,0,0,0,0,0,0,0,0,0,0,0,0,0,0,0,0,0,0,0,0,0,0,0,0,0,0,0,0,0,0,0,0,0,0,0,0,0,0,0,0,0,0,0,0,0,0,0
261,367,404,372,470,562,749,837,1129,1374,1626,1659,1711,1196,1904,2330,2247,2132,1904,1823,1648,1652,1168,1865,1798,1514,1138,1127,1233,1132,1190,1066,1390,1612,1717,1855,1972,2261,2201,2196,2068,1784,2284,2562,2708,2851,2844,3128,3225,3081,2669,3349,3830,4077,4239,4415,4563,4364,3970,3459,4283,4550,4653,4745,4640,4957,3456,3253,2893,2399,2852,3042,3088,3126,3013,3018,2934,2575,2160,2614,2735,2891,2682,2684,2576,2469,2306,1899,2352,2597,2522,2700,2558,2652,2591,2560,2357,1861,2208,2352,2347,2412,2367,2398,2368,2189,1721,2022,2286,2202,2226,2228,2085,1908,1718,1580,1804,1966,2063,2045,2026,1969,1946,1938,1770,1364,1764,1859,1862,1936,1874,1848,1772,1606,1390,1706,1743,1811,1805,1827,1761,1710,1608,1359,1620,1673,1658,1641,1629,1627,1524,1537,1316,1104,1371,1432,1418,1351,1325,1314,1245,1108,863,1018,1034,1008,975,889,847,786,674,499,609,659,671,578,588,543,545,504,436,351,459,451,463,450,447,467,420,371,331,395,455,430,357,393,420,395,329,239,293,305,303,287,220,208,187,146,106,62,68,48,33,20,8,3,0,0,0,0,0,0,0,0,0,0,0,0,0,0,0,0,0,0,0,0,0,0,0,0,0,0,0,0,0,0,0,0,0,0,0,0,0,0,0,0
2531,3760,3340,2452,2487,2333,2137,2215,2331,2464,2855,2810,2628,1620,1751,1702,1615,1632,1696,1869,2071,1566,1222,1530,1665,1744,1763,1823,1862,1833,1729,1347,1719,1838,1928,2085,2063,2145,2263,2278,2211,1916,2385,2611,2833,2940,3005,3012,3057,2947,2435,3056,3457,3683,3549,3782,3832,3835,3531,2865,3590,3791,3751,4037,3796,4238,3217,3022,2793,2350,2785,2983,3031,2733,2787,2758,2720,2495,2080,2548,2625,2685,2580,2506,2600,2502,2297,1926,2310,2473,2435,2543,2516,2370,2417,2307,2040,1761,2093,2201,2143,2256,2223,2138,1973,1916,1599,1908,1998,2059,2003,1943,1919,1902,1715,1403,1703,1778,1766,1708,1745,1716,1821,1720,1506,1295,1523,1748,1792,1761,1776,1687,1654,1509,1259,1573,1581,1667,1495,1472,1479,1485,1351,1046,1302,1422,1410,1435,1416,1462,1425,1360,1194,935,1163,1223,1219,1160,1080,974,908,826,661,776,784,757,722,768,709,678,585,472,606,554,547,555,497,504,420,468,397,343,440,482,447,475,498,503,472,447,379,490,501,484,477,460,462,406,452,331,421,431,408,433,397,350,360,295,212,123,144,115,77,35,17,2,0,0,0,0,0,0,0,0,0,0,0,0,0,0,0,0,0,0,0,0,0,0,0,0,0,0,0,0,0,0,0,0,0,0,0,0,0,0,0,0
1943,2893,2593,2229,2360,2259,1854,2096,2194,2184,2238,2016,1655,1296,1562,1670,1796,1854,1886,2036,2064,1733,1377,1753,2039,2138,2372,2462,2435,2613,2586,2271,2844,3273,3438,3606,3853,4114,4136,3995,3639,2855,3492,3776,3868,3822,3993,3961,3846,3531,2818,3576,3901,4007,3954,3868,3785,3685,3368,2674,3362,3491,3447,3430,3332,3148,3028,3073,2688,2218,2600,2889,2858,2756,2786,2655,2724,2504,2010,2461,2525,2469,2414,2387,2394,2378,2228,1810,2250,2338,2264,2202,2223,2153,2200,2272,2064,1746,2115,2327,2345,2225,2235,2133,2022,1925,1512,1836,1991,1928,1974,1926,1986,2007,1770,1493,1792,1901,1892,2097,2030,2106,2183,2202,1935,1553,1970,2101,2083,2153,2075,1951,1866,1852,1450,1718,1783,1761,1821,1878,1764,1658,1373,1053,1234,1278,1318,1212,1149,1185,1008,920,800,688,710,783,695,705,621,597,566,528,364,460,425,379,359,296,265,206,182,133,153,146,130,93,86,81,60,51,32,39,46,39,37,21,20,12,7,4,4,1,1,0,1,0,0,0,0,0,0,0,0,0,0,0,0,0,0,0,0,0,0,0,0,0,0,0,0,0,0,0,0,0,0,0,0,0,0,0,0,0,0,0,0,0,0,0,0,0,0,0,0,0,0,0,0,0,0,0,0,0,0,0,0,0
3896,5361,5187,4291,4547,4424,4268,4137,4055,3769,3762,3641,3200,2516,3036,3038,3381,3670,3807,3846,3836,3422,2630,3428,3897,4107,4298,4107,4039,4079,3770,2830,3955,4220,4497,4586,4331,4293,4203,4105,4012,3054,3920,4177,3933,4031,3991,3928,3838,3502,2847,3503,3542,3627,3559,3383,3434,3119,2907,2238,2715,2715,2620,2603,2515,2501,2451,2373,2083,1685,1956,2132,2183,2078,2058,1947,1949,1808,1501,1865,1990,2036,2049,2170,1832,1619,1275,974,1160,1182,1188,1212,1203,1092,1111,1117,1060,804,956,1006,1027,943,1007,998,936,918,737,873,929,927,921,882,930,845,836,687,874,912,911,898,877,894,866,880,771,650,758,784,860,854,866,873,889,847,706,903,971,940,997,977,967,1021,965,767,993,1099,1072,1150,1142,1148,1160,1194,1115,857,1174,1187,1330,1330,1320,1362,1307,1207,908,1200,1155,1079,1146,969,889,827,665,508,512,514,458,483,450,347,264,231,155,106,129,107,100,120,95,83,95,77,88,74,99,100,94,99,98,84,56,49,53,69,51,53,47,43,46,57,45,48,59,45,41,45,31,43,42,38,32,22,36,39,44,43,28,15,19,20,22,35,21,36,24,10,13,10,7,9,9,6,9,9,8,7,10,9,5,7,13,11,16,4,4,3,1,3
2297,3140,3445,3142,3657,3832,4120,4745,5512,5583,5472,5098,4473,3391,4148,4702,5095,5217,5005,4936,4513,4110,3060,3742,3841,3903,3910,3663,3557,3413,3111,2399,3062,3187,3213,3179,3087,3129,3200,3208,2988,2417,3033,3353,3589,3529,3812,3842,3697,3684,2978,3676,3912,3975,3894,3889,3567,3562,3208,2539,3106,3180,2985,3017,2984,2912,2787,2643,2184,1853,2181,2278,2211,2095,2021,1987,1984,1668,1407,1640,1778,1625,1617,1582,1543,1459,1321,1123,1368,1396,1402,1462,1361,1378,1357,1298,1161,887,1109,1213,1278,1151,949,924,907,855,735,921,947,987,920,837,871,818,797,588,754,790,780,813,821,855,787,808,761,582,675,775,751,699,743,696,707,650,584,723,756,801,796,807,804,787,738,581,719,792,787,799,824,874,840,812,807,628,823,853,888,910,959,943,896,884,699,871,963,967,981,957,986,957,943,658,830,875,862,835,954,859,814,770,677,494,594,669,589,528,486,440,432,354,260,322,313,307,271,230,151,86,49,18,23,15,13,22,28,20,23,26,26,18,28,30,32,26,23,20,19,16,19,23,32,14,27,23,19,27,23,28,30,28,25,26,26,17,15,17,16,12,10,12,22,15,17,10,8,18,2,14,12,14,9,16,17,14,29,97
3494,4516,4839,4307,4737,4847,4721,4644,4477,4295,4236,3967,3794,2817,3426,3859,3968,4226,4326,4420,4156,3838,2893,3801,4088,4318,4322,4337,4105,3895,3713,2825,3702,3938,4057,4013,3820,3811,3733,3591,3284,2428,3068,3230,3453,3478,3451,3583,3456,3264,2446,3255,3603,3535,3625,3587,3583,3478,3284,2601,3137,3194,3134,3003,3092,2815,2862,2682,2449,2033,2389,2464,2403,2341,2281,2067,2039,1710,1417,1793,1729,1842,1762,1714,1670,1489,1401,1088,1383,1458,1535,1463,1378,1175,1092,1131,955,814,978,956,949,958,951,925,860,813,637,835,827,790,773,773,749,769,675,569,648,776,712,731,714,747,732,808,745,551,688,760,752,731,802,741,705,678,565,700,698,779,763,743,738,746,662,581,710,791,794,764,772,789,741,776,707,636,712,815,793,826,803,796,786,776,599,796,806,862,898,945,932,912,836,571,834,885,869,818,842,879,858,806,653,489,656,684,688,672,678,634,541,448,291,350,311,275,223,199,145,111,88,64,75,61,54,49,34,28,28,17,11,22,21,16,13,21,17,24,34,21,22,34,27,21,22,12,15,11,8,9,11,18,10,10,12,19,9,21,19,13,18,17,18,23,15,8,12,15,8,9,7,19,18,23,12,12,10,14
36,31,40,39,44,56,77,96,112,163,176,222,267,238,310,458,550,649,790,868,951,990,1001,1263,1442,1656,1871,2005,2096,2169,2112,1877,2352,2678,2774,3013,3168,3167,3160,3109,2681,2107,2585,2668,2956,3044,3393,3357,3152,2930,2306,2811,3166,3097,2971,2935,2836,2772,2509,1928,2489,2635,2669,2721,2926,2856,2777,2688,2479,1887,2378,2546,2573,2643,2640,2726,2787,2617,2071,2667,2840,2814,2743,2775,2830,2851,2691,2035,2638,2820,2900,2918,2874,3034,2877,2637,2558,2097,2594,2622,2640,2729,2752,2618,2684,2456,1967,2485,2750,2700,2789,2889,2771,2769,2572,2039,2505,2593,2679,2773,2874,2895,2959,2807,2564,2095,2573,2800,2934,2918,2993,3038,3013,2712,2219,2682,2862,2831,2854,2663,2661,2500,2307,1785,2079,2137,2108,2074,2145,2060,2020,2014,1766,1424,1704,1841,1820,1794,1651,1581,1375,1219,907,1165,1180,1126,1121,1088,987,828,677,550,645,627,676,574,411,392,279,185,157,114,98,73,76,39,34,17,5,2,2,1,0,2,0,0,3,0,3,4,3,1,2,7,2,6,5,4,0,0,1,0,0,0,0,0,0,0,0,0,0,0,0,0,0,0,0,0,0,0,0,0,0,0,0,0,0,0,0,0,0,0,0,0,0,0,0,0,0,0,0,0,0,0,0,0
114,164,223,221,290,401,729,1174,1250,1012,856,840,1005,797,1189,1419,1326,1540,1486,1461,1360,1157,885,1100,1191,1132,1190,1291,1271,1369,1334,1041,1451,1659,1803,1907,2146,2227,2291,2368,2406,2054,2647,2979,3250,3421,3552,3593,3602,3510,2828,3604,4045,4280,4380,4416,4465,4436,4150,3331,4239,4562,4573,4625,4364,3982,3761,3672,3354,2612,3154,3394,3366,3224,3130,3282,3149,2846,2311,2750,2869,2924,2816,2760,2736,2544,2353,1952,2413,2560,2531,2537,2488,2524,2502,2278,2107,1754,2123,2241,2394,2366,2355,2328,2286,2045,1657,2043,2172,2112,2136,2090,2161,2163,1877,1618,1947,2113,2187,2122,2130,2100,2018,1990,1793,1467,1837,1976,1951,1895,1890,1838,1822,1663,1382,1666,1785,1765,1848,1719,1764,1675,1577,1222,1508,1581,1681,1582,1618,1526,1499,1446,1190,955,1138,1156,1163,1104,1086,1107,1050,915,724,764,911,826,827,776,713,718,652,486,591,606,701,608,615,579,578,572,476,413,512,547,533,547,576,581,590,577,446,593,632,662,674,640,633,608,573,446,536,524,527,512,373,382,309,252,187,115,163,91,62,14,8,0,0,0,1,0,0,0,0,0,0,0,0,0,0,0,0,0,0,0,0,0,0,0,0,0,0,0,0,0,0,0,0,0,0,0,0,0,0,0,0,0
5119,8103,8482,7011,7486,6828,6084,6290,7119,6983,7213,6519,5600,4283,4147,3648,3736,3738,3895,3829,4236,2865,1904,2475,2695,2781,2805,2605,2662,2453,2211,1693,2108,2381,2406,2526,2721,2816,2833,2721,2451,1845,2436,2627,2766,2949,2922,2936,2679,2613,2065,2680,2791,3010,2842,2954,2875,2979,2881,2262,2837,2871,2910,2930,3034,4418,2398,2198,2052,1571,2059,2207,2250,2116,2137,2010,1924,1734,1361,1588,1747,1719,1669,1610,1610,1536,1400,1173,1375,1468,1438,1454,1529,1437,1431,1346,1298,967,1272,1317,1301,1287,1225,1238,1126,1137,914,1048,1167,1179,1222,1222,1141,1063,970,776,940,994,1034,1082,1044,1037,1035,941,847,691,890,895,867,848,845,878,866,841,666,788,848,880,835,887,850,851,743,591,737,758,814,788,829,834,806,850,712,609,683,805,778,767,736,747,657,619,573,670,714,652,651,622,553,499,450,378,437,510,475,420,445,361,384,331,325,263,311,331,319,324,341,331,303,316,291,336,353,378,436,404,427,421,353,297,410,428,438,449,433,443,423,373,355,219,250,242,129,90,56,29,8,0,0,0,0,0,0,0,0,0,0,0,0,0,0,0,0,0,0,0,0,0,0,0,0,0,0,0,0,0,0,0,0,0,0,0,0,0,0,0
2945,4432,4211,3136,3325,3098,2857,2959,2786,2904,3105,3247,3008,2291,2180,2088,2248,2302,2492,2608,2782,2242,1733,2429,2460,2717,2882,2901,2993,2965,2951,2307,2897,3224,3373,3440,3505,3468,3622,3568,3217,2591,3171,3439,3444,3434,3464,3386,3393,2970,2544,3014,3280,3389,3538,3479,3411,3308,3144,2417,3106,3396,3287,3288,3259,3074,2803,2629,2418,1959,2443,2441,2524,2547,2371,2336,2353,2154,1642,2027,2202,2238,2230,2186,2179,2068,1768,1575,1912,2053,2080,2104,2087,2046,2043,1987,1811,1462,1724,1964,1957,1899,1884,1888,1780,1693,1293,1658,1695,1728,1877,1814,1694,1772,1536,1264,1622,1656,1682,1733,1723,1837,1772,1613,1544,1246,1604,1772,1802,1856,1785,1867,1835,1679,1227,1609,1738,1760,1786,1750,1738,1665,1394,1131,1468,1492,1571,1550,1461,1315,1316,1139,1008,850,924,979,1028,969,920,884,829,604,429,563,570,582,537,532,462,424,385,289,312,311,306,257,187,202,156,118,94,54,57,73,53,38,35,28,23,17,5,15,8,5,5,2,4,0,0,0,0,0,0,0,0,0,0,0,0,0,0,0,0,0,0,0,0,0,0,0,0,0,0,0,0,0,0,0,0,0,0,0,0,0,0,0,0,0,0,0,0,0,0,0,0,0,0,0,0,0,0,0,0,0,0,0
6851,10172,10243,8472,10191,8283,7233,6736,6745,6502,6065,5733,4800,3733,4158,4077,4141,4268,4213,4231,4005,3477,2597,3187,3447,3479,3508,3556,3567,3522,3308,2473,3382,3310,3519,3496,3553,3504,3737,3713,3422,2574,3417,3674,3834,3700,3749,3604,3476,3247,2560,3183,3242,3345,3276,3213,3233,3115,2819,2172,2645,2676,2666,2684,2666,2511,2506,2428,2132,1673,2001,2130,2114,2037,1925,1851,1755,1586,1268,1555,1556,1464,1186,1215,1085,1182,1029,821,1049,1044,1047,1064,1033,1049,932,877,747,691,692,877,821,809,791,807,693,608,557,680,622,703,735,716,665,617,549,488,549,569,562,597,587,569,549,591,524,476,568,603,584,571,615,609,603,616,499,620,691,682,630,660,720,693,607,462,684,694,695,704,746,731,779,756,716,559,712,762,798,766,697,706,646,555,430,507,536,465,413,377,339,344,281,202,271,270,252,236,227,203,229,181,153,119,137,133,105,109,101,94,73,73,58,63,66,84,61,56,82,81,52,52,50,63,63,77,73,62,68,61,55,58,51,69,72,77,62,69,75,72,43,60,58,46,56,33,34,32,29,46,41,54,51,53,56,43,53,47,35,35,50,40,37,31,34,39,40,28,26,29,25,33,29,28,11,14,11,27
6799,8999,9758,9153,9454,9892,8969,11039,13659,11231,10181,9035,8038,6409,6142,5182,5762,6007,6346,7082,8447,3687,2068,2451,2607,2674,2552,2499,2351,2291,2053,1505,1954,2015,2177,2075,2211,2126,2089,2090,1868,1584,2088,2260,2221,2422,2404,2544,2400,2373,1848,2346,2379,2456,2486,2490,2412,2354,2169,1694,2100,2265,2351,2278,2139,2110,1972,1848,1612,1332,1620,1611,1623,1547,1571,1450,1370,1314,1103,1291,1315,1261,1257,1227,1253,1210,1063,878,1060,1152,1118,1081,1064,1130,1109,1054,1008,770,892,954,1053,1040,1077,954,984,925,714,849,887,953,839,935,905,770,644,450,516,524,534,490,571,554,504,534,484,408,480,516,510,534,452,501,456,437,347,389,412,419,429,388,396,403,371,288,383,395,406,435,395,435,386,426,389,338,406,444,456,506,507,523,524,498,388,464,524,550,566,615,609,551,508,380,531,539,551,516,524,514,515,480,428,331,420,382,413,440,425,426,391,335,244,280,280,265,250,235,208,174,147,110,81,87,84,70,69,67,52,37,25,23,21,40,35,30,26,45,45,22,29,28,28,27,37,29,23,18,15,25,16,10,23,9,14,13,9,6,8,12,13,18,8,20,14,12,14,9,11,5,2,0,3,1,6,4,3,5
6768,8646,9405,8549,8669,8629,8283,8458,8677,8842,8136,7856,7142,5679,6421,6559,6724,6524,6471,6205,5709,4701,3244,3979,4170,3906,3831,3835,3776,3278,2811,2119,2671,2976,2905,2975,3045,2963,2944,2857,2532,2126,2602,2869,2980,2948,2849,2962,2911,2662,2110,2683,2908,2844,2979,2902,2849,2778,2442,2012,2369,2567,2417,2390,2317,2228,2210,1987,1830,1465,1697,1873,1835,1740,1667,1555,1428,1299,1043,1332,1320,1308,1288,1212,1328,1264,1349,944,1337,1341,1313,976,940,864,880,829,699,656,731,827,779,736,727,671,659,611,486,600,577,586,578,565,542,525,429,358,415,438,475,461,443,432,460,412,394,324,393,404,437,443,459,434,462,403,328,422,420,425,437,396,436,449,394,346,423,456,461,476,430,493,522,458,504,387,529,583,554,593,604,557,522,461,363,428,449,409,421,401,389,413,395,305,397,384,366,361,352,337,300,225,163,119,110,95,96,91,110,112,93,90,59,82,66,68,49,65,52,47,37,39,59,45,60,66,42,41,31,29,17,22,18,25,32,41,37,50,34,39,19,23,20,16,28,25,28,32,26,21,24,30,32,42,27,26,13,13,9,6,7,17,7,10,7,9,6,4,3,10,6,6,13,7,7,10,12,41
19,27,33,27,46,64,63,86,86,116,148,223,232,228,296,393,550,552,674,759,840,798,763,932,1154,1366,1376,1543,1550,1588,1547,1318,1675,1970,2002,2119,2078,2267,2194,2182,2219,1720,4947,2854,3018,3801,4638,5146,3680,3460,2826,4666,5864,6540,6987,6987,6600,5539,4401,3320,4196,4329,4116,3839,3861,3980,3879,3732,3362,2643,3272,3483,3358,3401,3324,3310,3369,3141,2387,3108,3293,3358,3334,3465,3375,3305,3029,2339,2837,3012,3032,2925,2934,2660,2657,2590,2460,1915,2497,2519,2689,2562,2536,2493,2405,2188,1774,2246,2257,2419,2372,2325,2324,2154,1906,1608,2024,2111,2214,2152,2175,2304,2159,2109,1938,1485,1827,1973,1964,2028,1984,1978,1875,1701,1375,1718,1772,1721,1696,1726,1645,1502,1366,1049,1289,1378,1379,1325,1350,1176,1224,1200,1084,838,1036,1082,1138,1085,1021,1033,907,904,649,768,851,828,826,843,742,624,560,471,536,600,588,449,426,455,395,372,250,187,179,203,183,149,131,96,94,54,50,49,33,32,22,17,14,12,13,8,12,12,5,4,0,0,0,0,0,0,0,0,0,0,0,0,0,0,0,0,0,0,0,0,0,0,0,0,0,0,0,0,0,0,0,0,0,0,0,0,0,0,0,0,0,0,0,0,0,0,0,0,0,0,0,0
679,983,1605,1160,1755,2601,2703,2863,2830,2825,3161,3529,3566,2700,4581,5310,5719,5664,5159,5014,4610,3569,2517,3335,3413,3144,3185,3067,2943,2896,2614,1973,2533,2798,2839,2975,2869,2902,2869,2749,2712,2094,2864,3156,3234,3171,3199,3234,3322,3135,2437,3019,3503,3347,3418,3321,3471,3366,3181,2614,3232,3294,3389,3462,3356,5533,2826,2722,2599,2033,2441,2623,2631,2505,2501,2401,2372,2158,1650,1966,2123,2249,2150,2149,2026,2012,1757,1453,1710,1823,1782,1928,1965,1907,1887,1792,1720,1312,1652,1717,1794,1758,1768,1708,1589,1528,1228,1473,1585,1603,1469,1563,1623,1531,1326,1203,1417,1505,1475,1557,1486,1456,1465,1389,1276,1076,1251,1411,1384,1333,1377,1383,1384,1169,967,1094,1267,1265,1251,1242,1253,1277,1181,928,1170,1209,1246,1214,1119,1158,1124,1036,949,721,836,1003,930,927,816,795,754,658,514,635,677,663,703,637,534,521,377,340,355,401,380,391,405,379,348,336,313,288,324,384,332,316,313,300,291,244,240,307,257,246,274,314,272,236,231,162,246,282,290,230,178,178,121,95,71,33,42,23,15,1,1,0,1,0,0,0,0,0,0,0,0,0,0,0,0,0,0,0,0,0,0,0,0,0,0,0,0,0,0,0,0,0,0,0,0,0,0,0,0,0,0,0
1386,2142,2315,2450,2964,3276,2993,3883,3777,3394,3420,3057,2752,2163,2868,3056,3216,3305,3336,3443,3386,2789,2059,2715,3043,3179,3158,3106,2921,2791,2626,1999,2601,2749,2635,2789,2671,2739,2839,2747,2550,2090,2717,2955,3086,3162,3013,3039,3123,2958,2409,2926,3331,3404,3614,3546,3534,3390,3169,2529,3096,3333,3445,3369,3438,3256,3191,3043,2788,2177,2613,2970,2947,2785,2843,2792,2713,2485,2033,2442,2687,2671,2530,2554,2326,2372,2243,1842,2128,2472,2307,2249,2246,2229,2188,2216,1950,1628,1928,2038,2066,1977,1896,1905,1957,1773,1388,1666,1758,1769,1772,1764,1680,1577,1464,1233,1462,1548,1664,1565,1551,1492,1465,1430,1329,1058,1293,1313,1419,1388,1392,1376,1282,1138,949,1161,1281,1164,1238,1200,1147,1060,1013,814,956,1021,1014,1024,948,932,934,878,821,724,842,861,842,756,788,722,743,637,553,595,626,635,645,587,587,615,506,387,492,471,502,514,476,491,481,421,408,311,353,380,331,338,350,325,343,294,228,271,264,276,275,265,243,260,220,138,170,173,170,152,124,92,95,64,41,36,42,30,13,7,0,1,0,0,0,0,0,0,0,0,0,0,0,0,0,0,0,0,0,0,0,0,0,0,0,0,0,0,0,0,0,0,0,0,0,0,0,0,0,0,0,0
5998,9584,9087,6906,7103,6891,6307,6701,7117,7323,7546,7278,6064,4765,4710,4500,4717,4652,4642,4664,4975,3611,2546,3458,3882,3953,3799,3656,3609,3453,3135,2359,3038,3129,3271,3263,3215,3190,3001,2965,2645,2071,2468,2587,2673,2603,2493,2443,2374,2223,1826,2190,2394,2575,2459,2465,2513,2391,2188,1692,2148,2228,2305,2194,2235,2249,1916,1904,1726,1330,1622,1720,1679,1695,1718,1633,1516,1538,1240,1458,1529,1500,1484,1470,1398,1425,1326,1091,1320,1367,1360,1414,1319,1295,1301,1214,1191,987,1228,1220,1223,1290,1250,1177,1217,1163,913,1146,1152,1233,1218,1219,1175,1273,1047,843,1064,1145,1166,1112,1075,1107,1143,1011,942,843,1067,1047,1120,1027,1001,1040,1003,918,732,899,1003,1126,1065,1096,1086,1080,939,743,916,961,1022,951,963,902,783,741,705,609,657,668,728,745,669,665,657,556,489,521,560,616,540,579,530,524,473,338,419,387,398,368,380,318,276,206,150,125,135,132,103,76,71,81,35,27,11,10,3,3,1,5,2,3,2,5,6,3,5,5,2,2,0,1,1,0,0,0,0,0,0,0,0,0,0,0,0,0,0,0,0,0,0,0,0,0,0,0,0,0,0,0,0,0,0,0,0,0,0,0,0,0,0,0,0,0,0,0,0,0,0,0
8610,12412,14043,13037,12994,12501,10520,12326,11817,10828,10074,9214,8209,6779,7273,7125,7516,6911,6899,7127,7262,4571,2605,3314,3298,3230,3289,3244,3145,3060,2686,2061,2593,2700,2787,2796,2909,2850,2783,2709,2577,1835,2422,2584,2580,2554,2566,2481,2341,2083,1690,2038,2069,2111,2003,2080,1892,1794,1621,1211,1476,1583,1529,1508,1438,1349,1255,1233,1116,850,1105,1185,1199,1119,1061,995,976,830,629,743,764,777,763,730,762,658,626,575,676,751,748,708,701,632,598,597,552,437,546,572,578,535,530,511,532,456,403,442,484,447,514,472,474,457,372,374,419,400,423,413,460,430,448,446,435,364,383,426,444,469,435,450,407,415,352,406,408,429,409,438,480,422,419,341,388,471,496,482,487,471,522,540,480,339,407,493,462,473,504,490,472,369,237,373,373,347,335,355,355,269,254,182,198,222,174,156,113,87,94,68,56,38,46,56,45,34,44,36,23,27,12,23,17,16,22,22,13,25,17,17,19,25,18,18,15,15,21,20,17,16,13,19,23,15,23,21,15,27,16,22,38,21,27,26,34,28,26,22,37,42,39,35,37,43,46,38,47,34,53,46,72,71,44,62,55,51,45,65,72,67,86,59,51,68,119,239
6742,8626,9063,7867,9808,10110,10559,11234,10162,9394,8561,7972,7023,5408,6906,6930,7415,7632,7381,7117,6603,5660,3865,5276,5572,6224,6257,5599,4889,4243,3465,2453,3190,3434,3574,3588,3428,3502,3210,2966,2802,2168,2754,2716,2706,2778,2806,2828,2749,2440,2053,2440,2645,2652,2588,2499,2413,2299,1999,1608,1874,1948,1884,1888,1888,1807,1594,1605,1384,1108,1324,1419,1328,1266,1274,1255,1132,1035,873,1029,944,904,908,818,767,788,689,585,671,701,672,730,676,674,645,613,558,435,523,552,543,530,509,452,527,427,361,426,510,494,456,480,433,436,400,345,410,457,422,414,389,370,348,365,318,249,298,306,328,315,325,312,302,279,250,273,293,286,263,272,295,281,251,220,229,268,251,264,273,273,304,285,292,222,256,295,308,300,336,353,305,265,224,259,305,337,294,295,264,280,206,184,213,228,206,201,193,155,164,122,111,89,106,108,92,90,62,70,65,60,59,47,46,63,60,44,48,53,47,39,58,59,47,35,51,46,60,37,40,30,37,36,32,31,31,36,52,30,47,41,40,36,28,46,23,29,32,16,15,26,19,27,23,33,16,16,21,14,12,14,11,8,8,6,5,6,2,4,3,1,1,1,1,4,1,2
7958,10507,11729,10700,11496,11932,11133,11287,11848,11469,10973,10267,8547,6023,6576,6544,6382,6327,6492,6451,7340,4561,3260,4097,4359,4401,4297,4481,4081,3951,3664,2765,3545,3847,3781,3486,3499,3341,3270,3093,2840,2228,2836,3251,3387,3092,2927,2802,2655,2265,1826,2293,2409,2412,2368,2377,2327,2214,2030,1535,1821,1907,1881,1744,1692,1585,1436,1391,1224,984,1056,1148,1132,1122,1116,1095,1043,876,720,845,823,766,747,717,746,707,610,460,575,545,545,523,537,479,501,464,419,331,387,354,396,342,347,358,300,318,245,300,342,306,286,300,295,298,255,222,227,284,264,279,258,258,236,248,224,186,236,253,225,274,251,229,256,251,160,234,240,242,247,226,276,234,240,204,261,288,259,296,324,262,314,311,282,188,253,294,285,270,298,302,308,319,216,291,290,322,293,266,213,202,167,109,131,127,138,134,160,153,141,138,142,83,121,144,140,129,120,122,139,125,83,130,125,101,94,96,87,63,58,42,62,43,45,51,47,58,50,39,37,11,17,10,4,4,4,2,3,1,0,1,0,0,0,0,0,0,0,0,0,1,1,3,0,0,0,0,0,2,0,2,2,0,1,0,1,1,0,0,1,0,0,0,0,0,0,0
14,19,10,26,20,33,67,72,98,129,172,176,218,225,270,337,382,425,509,585,619,614,603,749,902,962,1019,1059,1161,1188,1187,1097,1274,1461,1700,1743,1936,1770,2041,2129,1993,1645,3063,5393,4826,5649,5915,4923,4185,3956,3160,5308,6821,7373,6802,6251,5721,5062,4573,3254,4113,4191,4364,4376,4327,4513,4411,4119,3557,2577,3325,3339,3406,3424,3323,3347,3222,3024,2277,2991,3134,3191,3135,3116,3031,2935,2664,1904,2536,2626,2586,2546,2357,2461,2315,2227,2065,1600,1958,2223,2163,2212,2140,2044,2128,1839,1578,1969,2037,2010,2097,2046,2049,2029,1924,1471,1908,2016,2012,1946,1939,2026,1964,1915,1648,1306,1749,1801,1780,1836,1847,1785,1683,1608,1298,1514,1626,1632,1702,1680,1675,1641,1571,1175,1505,1558,1507,1553,1511,1418,1466,1318,1172,1028,1155,1286,1206,1234,1247,1179,1100,1021,827,951,992,1001,999,969,885,813,747,646,698,849,854,867,919,847,771,624,545,399,482,470,477,485,466,424,383,358,270,316,294,263,231,222,167,146,151,100,118,117,104,101,79,83,43,28,14,3,1,1,0,0,0,0,0,0,0,0,0,0,0,0,0,0,0,0,0,0,0,0,0,0,0,0,0,0,0,0,0,0,0,0,0,0,0,0,0,0,0,0,0,0,0,0
200,310,309,252,337,314,393,453,526,675,917,1286,1602,1156,2432,3140,2956,2964,2865,2472,2400,2522,2074,3791,4810,4788,4680,4224,4311,4084,3661,2684,3818,4209,4243,4148,3989,4099,3797,3719,3394,2645,3327,3536,3673,3783,3866,3814,3744,3603,2785,3604,3635,3838,3847,4006,3831,3623,3077,2436,3062,3211,3247,3239,3152,3067,2967,2891,2556,2076,2626,2780,2769,2693,2759,2635,2571,2488,1827,2198,2409,2467,2358,2515,2516,2400,2202,1785,2234,2348,2258,2367,2321,2215,2204,2123,1954,1562,1859,2104,2111,2062,2084,2081,1997,1793,1388,1810,1924,1929,1849,1830,1797,1624,1476,1320,1573,1662,1683,1708,1697,1691,1688,1623,1371,1162,1410,1498,1528,1519,1606,1497,1465,1276,1103,1240,1279,1286,1256,1300,1231,1250,1050,889,1073,1110,1149,1093,1085,1085,952,925,850,681,841,892,862,828,810,839,790,737,567,673,743,658,677,675,625,619,572,469,568,586,613,588,595,583,549,535,463,336,429,421,424,376,349,328,309,287,229,248,253,246,208,207,184,175,187,120,166,178,159,142,107,107,91,75,62,25,43,28,17,3,5,1,0,0,0,0,0,0,0,0,0,0,0,0,0,0,0,0,0,0,0,0,0,0,0,0,0,0,0,0,0,0,0,0,0,0,0,0,0,0,0,0
2064,2998,2750,2075,2177,2299,2346,2767,3242,3362,3411,3578,3728,3034,4088,4902,5499,5309,5265,5116,4750,4563,3469,4491,4810,5032,5052,4928,4780,4832,4360,3317,4199,4188,4134,4081,3956,3886,3652,3417,3162,2289,3019,3116,3136,3003,2951,3002,3042,2811,2201,2658,2900,2932,3087,3008,3048,3044,2785,2287,2692,2861,2973,2769,2900,2780,2667,2458,2217,1745,2258,2287,2385,2378,2356,2237,2250,1951,1566,1934,1898,1937,1907,1965,1847,1718,1606,1243,1479,1494,1640,1575,1545,1464,1503,1449,1294,1063,1301,1354,1394,1409,1376,1331,1276,1122,968,1014,1231,1185,1186,1218,1181,1141,1053,866,1035,1101,1126,1144,1131,1149,1129,1112,961,784,979,986,1042,1054,1041,949,962,818,715,900,913,946,943,939,930,899,768,673,778,934,880,834,814,767,759,765,744,586,649,707,711,746,815,783,693,668,546,621,652,641,613,701,669,595,556,425,543,536,623,518,596,528,489,436,446,327,435,433,520,449,439,388,428,324,286,318,313,307,283,276,263,272,241,207,257,254,259,205,199,180,182,163,179,164,164,150,177,179,128,132,128,131,100,115,109,120,111,112,93,86,65,38,46,24,38,28,29,29,17,34,14,10,10,12,6,6,17,3,0,0,0,0,0,0,0,0,0,0,0,0
2128,3098,3206,2906,3539,4029,4152,4586,4835,5331,5570,5353,4789,3663,3835,3818,3641,3819,4042,3961,4117,3513,2539,3267,3605,3846,3753,3729,3735,3539,3471,2600,3460,3556,3689,3519,3601,3560,3550,3505,3306,2624,3048,3255,3372,3321,3179,3058,3087,2929,2263,2795,2979,2985,3063,2977,2863,2775,2694,2139,2630,2735,2797,2754,2680,2649,2573,2513,2424,1909,2287,2485,2399,2380,2323,2351,2236,2068,1593,2025,2207,2160,2158,2199,2121,2232,2036,1575,1945,2002,1962,1980,1990,1920,1912,1821,1671,1336,1558,1712,1768,1821,1758,1751,1691,1464,1228,1530,1556,1650,1525,1563,1554,1423,1389,1218,1350,1427,1403,1427,1397,1512,1434,1455,1219,1076,1247,1379,1461,1310,1305,1342,1245,1092,869,1060,1156,1156,1121,1070,963,887,731,651,764,794,734,764,759,713,691,598,552,469,596,637,644,567,615,569,631,492,412,468,497,495,502,466,414,346,327,236,316,292,309,296,252,197,183,171,157,126,140,155,133,159,121,97,82,85,49,60,73,60,58,50,26,28,24,28,24,18,21,25,19,15,18,12,18,12,5,9,5,1,3,0,0,0,0,0,0,0,0,0,0,0,0,0,0,0,0,0,0,0,0,0,0,0,0,0,0,0,0,0,0,0,0,0,0,0,0,0,0,0,0,0
7756,11368,11434,8960,9377,9883,9533,9689,10085,10233,9851,9212,8281,6566,8037,8118,8500,8554,8605,8915,8044,5926,3596,4408,4538,4386,4407,4396,4224,4165,3922,2750,3652,3687,3749,3662,3653,3402,3309,3191,2897,2224,2731,2800,2966,2936,2842,2736,2673,2346,1825,2326,2476,2372,2243,2107,2049,1928,1638,1310,1454,1503,1368,1261,1241,1247,1131,1042,867,809,917,882,841,827,828,762,742,686,526,617,704,598,592,592,641,613,547,422,515,501,490,434,464,445,446,442,393,288,367,370,371,389,377,362,383,309,260,328,339,402,395,389,358,366,326,284,325,330,330,316,310,349,325,323,277,226,322,307,366,379,333,366,342,321,292,345,371,341,390,371,368,363,396,312,385,410,444,435,469,449,468,445,460,345,469,496,495,490,480,510,466,442,318,430,474,482,474,452,392,428,374,289,371,380,342,282,302,237,192,134,101,66,91,99,92,43,35,28,22,23,10,12,15,21,14,19,10,15,16,14,15,18,27,15,27,29,16,24,8,19,13,13,22,23,15,18,7,15,17,13,17,16,15,10,8,20,6,13,15,17,18,14,19,13,7,10,4,6,3,4,5,1,10,1,2,0,0,5,5,1,3,1,1,2,5,7
3917,6055,6315,5547,5822,5744,4614,5627,5627,5930,6706,7108,5764,3449,3900,3861,3779,3687,3283,3512,4112,2238,1420,1727,1822,1840,1895,1959,2094,1894,1757,1345,1805,1897,1825,1599,1683,1489,1475,1440,1209,897,1181,1297,1156,1136,1153,1096,1074,942,771,851,896,931,847,878,716,731,641,550,572,560,549,529,503,469,475,440,379,300,371,345,300,321,280,292,280,198,196,237,255,266,268,252,269,237,190,170,203,211,228,213,215,215,178,189,167,126,168,170,175,188,149,140,134,126,90,107,127,142,125,138,138,127,131,85,130,136,149,126,113,135,117,134,112,87,123,98,112,123,133,132,119,124,87,124,121,133,142,134,140,135,100,88,104,128,92,126,119,122,129,110,105,81,92,102,105,115,120,123,100,92,63,85,82,69,85,74,64,60,54,54,53,57,64,78,69,54,38,26,17,6,11,7,5,5,4,8,7,2,13,10,5,9,6,6,4,10,2,4,3,1,3,7,2,4,10,8,5,6,11,8,4,3,1,4,3,1,3,1,0,0,6,7,4,5,3,4,4,5,2,2,4,2,5,2,4,0,4,5,3,5,4,1,2,3,2,3,6,7,1,2,1,0,0,0
336,498,607,546,590,624,606,575,539,566,557,538,543,445,547,515,557,604,711,710,679,711,599,827,901,979,1105,1212,1342,1280,1449,1200,1616,1788,1896,2124,2328,2265,2536,2912,3424,2343,6002,5201,4057,3494,3684,3366,2298,1945,1457,1967,2258,2529,2544,2504,2347,2132,1890,1344,1697,1817,1649,1910,1758,1951,1890,1829,1654,1112,1536,1464,1519,1520,1443,1417,1313,1195,808,1071,1084,999,1054,1081,940,903,941,724,889,889,834,853,868,913,811,781,640,520,608,636,663,607,545,540,497,494,416,454,488,460,397,400,406,470,435,349,435,464,415,368,373,352,378,354,312,241,309,331,292,303,347,335,303,272,271,325,330,309,338,303,283,291,264,211,234,267,261,225,260,274,256,244,234,206,218,252,252,195,185,176,200,196,181,202,218,223,235,225,232,218,191,173,189,229,226,194,210,210,214,197,202,165,173,219,213,222,262,227,187,194,159,173,177,179,194,195,201,180,148,109,143,152,153,165,166,171,126,143,113,104,108,128,139,129,157,145,133,126,109,92,102,97,111,81,82,64,52,33,31,32,22,27,16,22,29,20,10,6,10,12,8,4,3,2,2,1,0,0,0,0,0,0,0,0,0,0
2123,3512,2877,2144,2554,3075,3554,3452,3570,3228,2983,2790,2200,1670,2211,2433,2448,2352,2178,1879,1639,1449,1009,1328,1370,1461,1451,1461,1466,1423,1287,903,1207,1407,1324,1274,1305,1211,1106,1105,1017,739,950,1042,1019,1082,1046,1049,1102,971,787,1010,1009,1059,1149,1152,1124,1116,1056,885,1043,1209,1194,1190,1115,1024,1010,939,861,656,884,858,866,858,837,806,859,804,651,841,897,903,832,871,834,762,707,603,686,798,722,739,722,684,745,672,673,469,619,690,669,671,665,637,676,591,478,537,564,548,564,553,492,543,450,401,501,506,514,524,530,581,505,521,470,393,479,489,540,482,465,483,447,382,330,423,437,471,469,464,510,417,434,347,408,440,470,457,464,431,451,468,435,353,372,438,470,443,454,457,438,422,319,394,426,441,439,346,379,312,313,260,290,346,323,323,326,334,299,345,322,284,305,321,371,365,329,339,347,285,260,279,311,292,310,253,263,263,217,163,197,195,171,174,190,167,187,117,103,95,74,67,86,68,62,68,45,40,24,26,24,9,8,7,10,8,5,1,0,0,0,0,0,0,0,0,0,0,0,0,0,0,0,0,0,0,0,0,0,0,0,0,0,0,0,0
3159,4919,4949,4263,5130,5545,5295,5520,4569,4088,3278,3037,2617,1866,2235,2230,2300,2288,2212,2310,2275,1722,1285,1552,1741,1676,1653,1523,1539,1442,1420,1008,1517,1567,1545,1574,1490,1481,1394,1328,1237,1007,1240,1270,1274,1221,1251,1325,1226,1211,907,1202,1268,1369,1178,1066,1050,1029,1010,763,988,1014,1057,1021,1061,1000,981,870,777,636,826,824,805,789,789,742,787,629,542,652,673,744,661,674,645,645,559,460,530,580,586,579,570,555,534,466,460,285,411,449,417,430,445,444,407,369,254,352,366,366,370,346,383,329,325,264,323,361,344,361,361,334,344,363,286,285,293,327,336,305,298,300,279,248,225,265,326,321,303,291,293,283,230,213,281,306,283,308,286,302,247,206,207,129,157,179,178,197,183,172,154,135,123,121,166,120,138,138,121,127,113,103,130,134,109,134,115,125,131,136,120,100,125,116,125,128,92,76,78,81,72,91,87,83,90,66,70,76,73,69,70,80,78,66,63,61,42,37,54,54,49,50,36,40,43,39,55,28,22,37,39,33,33,40,30,32,30,16,23,16,13,22,18,10,6,4,3,4,1,2,2,0,0,1,0,1,0,0,0,0,0,0,0,0,0,0
3230,4340,4389,3610,3999,4097,4323,4570,4946,5306,4423,3974,3658,2689,3585,3825,3787,4124,4058,3753,3585,3074,2126,2932,3068,3090,3243,3369,3165,2960,2814,1995,2590,2860,2656,2293,2125,1973,1782,1577,1231,904,1233,1183,1101,1042,943,912,820,583,431,580,642,669,646,595,593,555,433,355,406,392,410,404,399,381,360,330,292,222,280,288,267,271,244,265,225,213,189,186,205,224,221,220,203,218,219,197,223,223,255,268,246,260,275,272,303,203,248,264,251,226,246,247,235,201,152,191,232,208,207,218,208,217,201,125,172,187,174,157,189,171,171,165,147,96,137,142,147,153,136,130,138,111,90,142,141,133,135,141,144,142,143,98,132,131,142,146,131,151,161,161,137,114,144,139,165,157,141,143,151,157,131,157,170,176,188,200,177,168,187,148,195,234,250,221,237,247,271,267,247,177,236,246,286,286,223,186,214,150,102,137,107,84,85,81,75,54,18,15,18,13,8,11,2,7,5,5,7,4,1,4,9,11,8,5,13,10,11,11,6,7,4,4,3,5,3,1,5,8,7,4,8,7,7,5,9,11,11,7,6,9,12,17,18,11,6,8,12,13,16,7,9,3,3,9
3169,4984,5252,4737,5356,5041,4226,4986,5508,5863,5850,6292,5236,4353,5204,3658,3790,3324,3081,3380,4416,2275,1437,1825,1971,2057,2067,2023,1971,1858,1635,1223,1598,1677,1591,1413,1381,1264,1260,1121,1045,723,1031,995,1038,1054,991,950,914,762,553,776,772,826,786,711,704,598,559,423,521,518,489,497,487,443,423,439,338,287,343,335,352,363,312,330,249,273,217,249,250,253,223,232,228,255,220,183,245,214,220,242,199,197,227,199,208,188,239,256,266,285,252,298,255,239,178,248,250,240,200,227,218,153,154,125,159,178,203,186,164,208,196,207,190,135,196,161,169,144,181,152,163,161,99,120,137,126,126,128,117,121,112,113,126,150,147,150,161,159,174,180,190,147,192,191,201,216,209,164,187,163,166,189,208,207,186,236,218,218,218,156,218,218,215,212,232,239,235,213,196,144,199,221,200,238,244,203,241,213,156,198,211,216,185,190,153,160,145,103,115,116,108,105,90,75,54,39,18,12,12,11,13,8,12,15,4,7,4,12,6,8,8,4,2,7,4,7,3,5,8,5,6,7,6,11,11,14,18,9,20,13,14,8,7,2,8,4,7,4,4,5,6,5,6,16
4230,6401,6502,5395,5636,4917,4349,4975,5452,5338,5312,5286,5083,4115,3742,3054,3562,3370,3204,3321,4140,1918,1304,1640,1705,1601,1593,1490,1416,1516,1311,1049,1291,1351,1432,1302,1328,1215,1111,1140,1020,793,1023,1097,1063,1126,1053,1053,987,1020,827,974,985,983,959,987,925,891,773,560,675,726,660,659,654,602,611,558,537,425,487,551,463,522,503,510,426,405,327,391,431,434,410,405,433,371,378,309,414,351,293,294,303,308,319,323,270,270,297,275,271,249,245,226,253,201,183,210,252,242,280,248,262,188,193,141,209,202,217,188,196,180,160,142,154,113,147,166,159,153,167,155,140,144,129,172,162,164,157,145,168,200,178,147,171,173,217,187,182,191,167,207,144,130,178,170,192,186,168,163,171,189,150,183,222,205,188,202,218,182,186,140,175,197,187,233,206,209,194,169,177,121,178,161,136,119,118,115,97,73,32,17,9,6,3,3,1,1,4,9,9,9,5,12,1,5,4,0,1,1,1,3,7,3,3,5,2,0,1,3,4,2,9,1,5,10,3,2,2,6,7,3,3,3,3,6,6,3,4,6,6,7,1,3,2,2,1,3,1,0,3,0,3,5,5,11
385,482,557,552,621,693,658,673,733,727,790,696,689,589,758,799,879,959,1075,1117,1215,1215,1010,1338,1523,1714,1743,1763,1969,1861,1718,1360,1825,2235,2509,2701,3083,3370,4149,4744,4928,2775,5235,4908,3366,3361,3220,2718,2033,1612,1166,1374,1514,1537,1511,1436,1476,1339,1190,925,1206,1134,1189,1178,1081,1059,1071,1102,979,773,977,1005,947,979,994,949,985,875,702,793,853,918,896,883,804,767,696,579,658,647,689,679,705,682,611,622,522,421,505,608,554,545,536,492,516,466,352,476,451,484,493,496,474,518,435,330,412,470,492,449,511,488,487,437,396,373,395,457,495,481,518,465,481,450,344,421,450,490,483,464,397,406,332,253,332,330,355,359,349,350,316,307,314,236,309,309,336,362,374,341,371,373,305,350,362,406,403,404,431,377,339,283,345,350,311,378,358,382,364,339,293,287,278,326,305,302,287,270,299,243,200,254,237,249,200,234,184,175,143,112,126,141,111,152,124,91,80,73,42,40,21,21,18,18,14,15,13,8,2,3,5,6,6,1,2,2,0,0,0,0,0,0,0,0,0,0,0,0,0,0,0,0,0,0,0,0,0,0,0,0,0,0,0,0,0,0
1086,1363,1541,1344,1433,1487,1493,1691,1810,2022,2251,3107,3512,2137,3973,4687,3976,3167,3054,2946,2438,1845,1234,2007,2179,1903,1614,1401,1405,1215,1067,794,1009,1114,1146,1126,1062,1075,1064,1135,1035,798,985,1125,1086,1171,1144,1179,1132,1138,923,1150,1227,1211,1270,1220,1178,1186,1073,875,1130,1127,1218,1407,1475,2298,1100,1038,893,683,771,873,846,856,861,811,755,728,614,692,752,733,733,716,685,712,682,576,619,713,706,669,710,702,642,606,574,457,559,605,638,600,627,614,580,561,426,531,537,578,588,558,563,542,485,411,516,582,592,629,573,567,523,544,510,420,493,536,540,556,499,509,537,479,379,443,507,459,496,489,470,437,370,333,388,429,439,456,433,454,455,460,445,349,434,463,503,501,532,442,485,443,338,420,462,471,430,425,446,422,421,338,404,410,461,437,387,416,368,377,308,250,336,355,355,383,384,342,362,314,269,319,328,334,315,258,284,204,193,149,163,174,169,155,147,121,119,79,71,66,44,43,41,40,27,16,12,10,4,2,0,0,0,0,0,0,0,0,0,0,0,0,0,0,0,0,0,0,0,0,0,0,0,0,0,0,0,0,0,0,0,0,0,0,0,0
4512,6939,6503,5123,6657,5329,2887,3483,2908,2849,2857,2513,2009,1591,1636,1751,1677,1559,1611,1614,1648,972,591,673,668,681,690,684,698,698,559,466,663,689,726,776,775,804,796,812,708,619,822,830,842,906,954,937,884,878,754,942,1066,1089,1050,1102,1152,1097,1009,915,1130,1194,1225,1439,1521,3033,1075,941,913,730,830,903,923,888,851,845,800,781,603,738,752,760,764,728,803,730,638,489,613,706,685,686,633,582,620,580,559,475,570,573,591,612,562,636,601,530,433,525,561,596,578,582,560,530,500,431,534,528,524,520,505,510,493,489,423,367,482,437,500,520,551,468,511,514,380,505,506,484,520,499,476,495,468,414,426,497,487,535,476,469,467,509,410,364,414,475,476,481,499,481,451,422,319,372,416,423,430,444,395,386,356,264,318,317,329,325,304,321,299,324,285,226,270,318,316,309,276,317,287,239,182,229,265,260,220,196,203,193,183,148,149,152,169,138,113,135,102,96,77,48,46,19,10,8,3,1,0,0,0,0,0,0,0,0,0,0,0,0,0,0,0,0,0,0,0,0,0,0,0,0,0,0,0,0,0,0,0,0,0,0,0,0,0,0,0,0
1554,2562,2640,2086,2972,3316,3988,3856,3725,3894,3697,3740,2966,1833,2192,2107,2014,1938,1933,1994,1742,1603,1047,1485,1766,1907,1838,1694,1532,1448,1176,952,1109,1232,1292,1359,1300,1325,1248,1210,1101,886,1144,1140,1256,1187,1239,1198,1158,1033,900,1014,1070,1121,1087,1104,985,981,909,761,868,861,963,958,871,847,848,864,749,604,766,822,799,841,835,789,725,685,546,721,798,755,748,705,707,721,585,484,617,642,610,642,697,677,670,575,546,474,538,616,657,567,598,609,589,531,450,572,619,632,636,579,632,607,595,482,605,648,580,554,622,552,572,582,519,426,561,618,568,553,588,560,534,518,452,483,519,537,540,546,537,482,513,406,528,570,602,570,599,572,600,581,478,337,363,362,384,418,366,372,363,312,281,307,332,324,310,286,265,276,242,205,224,265,274,278,274,266,259,248,218,190,203,225,242,201,223,222,224,182,127,177,193,184,166,147,182,201,173,143,133,139,148,150,124,152,121,142,105,83,102,101,106,77,81,60,52,53,48,44,47,37,32,25,25,19,11,14,9,4,4,3,7,11,5,8,10,4,0,1,2,1,0,0,1,0,0,0,0,0,0,0,0,0,0,0
4415,6880,6921,5334,5431,4814,3951,4518,4865,5012,4628,4081,3750,2842,3260,3353,3315,3268,3146,3050,2950,2485,1882,2554,2491,2475,2521,2391,2006,1750,1465,1130,1406,1501,1556,1422,1366,1311,1263,1154,1024,731,917,979,963,944,910,927,876,859,758,855,830,858,926,919,945,939,817,629,738,769,769,723,720,742,704,749,632,474,567,525,560,584,512,447,467,423,331,432,390,365,355,380,353,367,319,280,340,327,324,298,287,279,302,281,244,187,261,271,285,259,260,256,270,218,162,186,176,207,203,201,191,185,165,121,176,192,201,205,231,216,203,215,195,154,160,185,174,186,183,210,200,172,128,178,172,204,177,179,157,186,162,156,151,185,180,176,150,145,131,135,127,117,139,155,167,172,167,155,159,189,129,163,148,179,181,183,166,174,180,140,200,194,224,185,197,192,197,168,124,85,124,109,104,116,139,110,125,124,98,121,107,110,99,78,88,66,83,44,66,73,70,46,30,19,18,21,18,9,15,17,19,12,16,17,16,19,12,17,16,14,9,14,12,6,7,7,12,16,13,9,8,22,23,19,17,12,13,23,16,26,31,19,23,19,15,13,16,7,15,16,16,18,14,43
3149,4581,4637,3456,3605,3497,2890,3319,3575,3916,4184,4602,4328,4067,4643,3353,4801,4246,4005,4561,6243,2052,1337,1690,1739,1796,1756,1709,1632,1554,1345,1043,1250,1350,1339,1302,1313,1285,1277,1273,1077,819,1062,1072,1144,1064,1125,1117,1167,1092,891,1112,1178,1269,1253,1226,1139,1119,1001,672,910,984,987,985,945,849,891,808,782,572,695,661,722,659,659,613,611,559,406,534,546,493,480,464,445,465,334,308,396,393,373,389,380,386,323,310,282,203,246,250,260,268,259,271,221,232,175,232,244,245,219,239,228,242,198,167,166,236,221,217,204,215,181,162,167,146,174,188,216,189,159,168,176,148,124,153,136,169,171,140,145,150,128,102,122,144,153,149,146,137,162,154,124,94,137,126,143,142,139,124,135,111,95,111,116,121,140,140,137,165,120,126,143,136,142,138,161,152,172,154,160,141,172,201,235,238,227,230,209,211,170,238,231,267,275,268,279,283,249,165,200,207,161,166,198,134,114,78,42,24,28,32,18,11,9,21,9,16,9,13,9,18,16,12,12,8,6,9,7,12,14,11,18,18,15,11,16,13,12,19,19,21,5,15,9,5,4,2,4,2,7,3,4,6,1,1
2984,4414,4443,3982,4157,4397,3775,4002,4081,4366,4525,4381,4418,4161,3680,2833,3212,3211,3338,3792,5023,1936,1113,1312,1395,1310,1284,1272,1260,1141,1107,792,1073,1106,1121,1163,1217,1159,1133,1089,1007,822,1000,1049,1093,1032,1102,1074,1027,982,871,1083,1178,1191,1231,1244,1189,1130,1002,794,1065,1087,1107,1028,1056,1037,1066,917,878,687,842,887,802,801,767,743,749,687,498,624,636,591,620,587,565,576,526,419,529,573,546,553,552,505,436,474,406,371,430,425,445,419,425,333,360,344,279,319,391,369,342,346,345,322,281,224,272,254,253,241,234,245,230,221,185,192,209,237,221,230,220,204,196,208,150,205,193,196,211,231,209,207,181,144,177,171,184,157,208,182,188,204,146,162,210,202,201,221,227,232,198,202,179,235,191,247,259,218,237,254,202,172,237,235,241,242,253,262,244,235,228,181,245,254,224,275,270,258,207,148,129,182,180,195,118,58,18,11,4,2,4,4,2,0,2,2,3,1,0,0,0,0,0,0,0,0,0,0,1,1,0,1,0,0,0,0,0,0,0,0,0,0,0,0,0,0,0,0,0,0,0,0,0,0,1,1,0,0,4,1,1,1,0,0,0,0
266,307,389,346,393,376,379,451,466,506,512,552,511,448,524,600,711,759,886,923,967,945,777,1111,1149,1366,1446,1678,1660,1792,1694,1468,1948,2280,2969,3448,3836,5032,4992,4503,4150,2547,5857,5063,3268,2795,2114,1639,1488,1345,972,1328,1369,1259,1132,1147,1164,1135,1047,775,988,1032,929,858,823,822,820,750,640,577,772,779,813,793,692,738,702,704,510,604,707,647,653,671,574,621,601,464,589,657,632,688,618,646,615,596,589,456,606,589,655,580,639,623,632,633,516,620,633,671,681,674,643,596,610,415,603,628,642,616,645,646,667,635,647,478,640,636,701,726,687,699,713,630,537,682,756,714,683,734,608,685,649,486,553,651,650,598,645,604,575,594,542,444,538,584,595,613,555,585,548,552,458,527,563,625,563,618,595,563,494,415,451,417,471,455,421,454,421,386,347,281,352,329,352,395,314,316,259,234,190,221,217,183,173,166,170,161,110,82,86,87,65,62,47,44,37,46,26,11,17,15,13,9,2,0,0,1,0,0,0,0,0,0,0,0,0,0,0,0,0,0,0,0,0,0,0,0,0,0,0,0,0,0,0,0,0,0,0,0,0,0,0,0,0,0
1146,1586,1711,1459,1590,1680,1560,1709,2061,3260,3940,3873,3490,1964,3230,3794,4347,4042,3529,3129,2339,1426,865,1081,1203,1070,973,941,950,983,955,724,901,953,962,928,937,946,930,938,845,738,899,1058,1071,1147,1091,1173,1159,1037,913,1073,1282,1273,1251,1184,1294,1251,1201,955,1150,1222,1224,1179,1119,1102,991,1023,868,790,926,967,952,887,899,847,843,777,624,718,744,765,747,779,741,710,663,567,601,706,706,668,736,664,671,691,621,513,649,663,661,651,624,683,620,541,406,598,586,573,580,566,602,585,484,418,535,537,642,609,628,635,565,540,493,410,486,503,564,576,527,544,537,509,436,529,520,573,570,543,549,467,484,421,492,534,529,539,513,533,509,444,488,435,477,515,501,488,464,461,484,466,355,450,513,469,477,436,467,450,378,343,408,427,445,469,454,449,397,375,345,320,336,338,396,386,360,370,312,313,229,286,284,264,288,302,272,219,201,155,207,179,190,183,199,181,161,155,112,63,77,53,35,22,5,5,2,0,0,0,0,0,0,0,0,0,0,0,0,0,0,0,0,0,0,0,0,0,0,0,0,0,0,0,0,0,0,0,0,0,0,0,0,0,0,0
1,7,13,18,13,23,31,29,56,42,61,66,75,58,96,169,190,236,291,358,416,439,335,453,549,611,804,1183,1478,1848,1691,1144,1854,2410,2701,2507,2375,1897,1752,1699,1478,1244,1810,1819,1936,1999,1813,1718,1600,1482,1134,1449,1634,1677,1720,1847,1807,1846,1819,1497,1993,2159,2016,1903,1680,1505,1399,1287,1100,833,1093,1183,1165,1156,1174,1259,1181,1048,874,1041,1081,1101,1082,1106,1014,1009,936,732,967,1083,1043,951,1007,974,997,962,899,713,896,965,985,966,897,991,953,818,712,861,797,915,881,870,835,869,821,627,934,924,940,907,895,869,832,835,745,655,773,896,894,917,872,886,910,746,653,734,838,842,840,838,834,768,729,595,683,685,713,744,716,777,775,743,651,529,664,695,796,665,709,643,678,612,539,631,724,710,781,729,752,724,656,561,607,625,535,549,536,487,453,422,379,273,320,364,350,339,357,334,271,252,195,281,259,253,261,238,260,233,210,168,200,196,177,141,138,141,83,89,61,40,43,44,18,7,4,3,2,2,2,0,1,0,0,0,0,0,0,0,0,0,0,0,0,0,0,0,0,0,0,0,0,0,0,0,0,0,0,0,0,0,0,0,0,0,0,0
1558,2654,3265,3755,4236,4183,3097,4987,7371,7330,5957,3613,2394,1959,1847,1494,1704,1909,2259,2586,3198,948,486,690,751,829,826,830,910,903,804,676,784,902,974,948,953,968,1018,1037,909,773,987,1128,1155,1120,1180,1123,1121,989,802,967,1004,1097,1155,1249,1264,1277,1264,892,1488,1391,1250,926,852,862,801,687,740,549,693,732,828,745,770,687,695,653,529,636,671,655,662,666,673,643,589,489,643,659,647,608,637,629,621,561,527,409,522,577,597,591,567,557,551,553,392,553,529,536,524,538,528,481,467,400,477,516,483,547,490,521,469,487,455,377,488,491,475,474,456,489,459,448,412,485,513,549,549,626,591,661,543,418,567,577,624,644,661,627,621,621,606,417,543,538,578,464,458,427,387,370,325,346,352,406,367,338,358,306,298,234,284,254,256,267,256,244,227,227,199,124,145,152,148,110,95,101,100,101,77,105,111,93,92,67,66,55,61,36,36,25,30,13,19,13,13,10,8,2,9,1,3,0,2,0,1,0,0,0,0,0,0,0,0,0,0,0,0,0,0,0,0,0,0,0,0,0,0,0,0,0,0,0,0,0,0,0,0,0,0,0,0,0,0,0
2281,3009,3547,4071,5933,7462,4935,7417,6588,5304,4326,4065,3521,3004,3126,2883,3187,3313,3397,3569,3992,2027,1175,1373,1555,1462,1362,1244,1207,1093,989,729,896,950,924,846,878,777,844,800,711,574,705,738,751,789,804,766,812,730,573,756,802,926,807,839,799,778,689,555,709,704,821,773,701,681,713,659,627,498,603,661,620,568,536,480,528,483,374,430,499,495,479,431,423,366,370,291,369,400,433,413,386,397,428,394,394,316,402,470,492,561,518,560,515,459,372,463,618,631,607,427,313,319,287,224,277,315,297,316,297,303,265,296,235,225,263,305,279,263,298,270,267,276,209,242,274,268,292,307,288,267,259,193,264,293,304,274,286,268,294,282,281,207,252,308,304,293,297,316,283,299,273,308,350,358,361,393,436,429,388,316,344,390,350,395,383,417,381,361,324,300,330,348,314,297,304,241,269,232,143,222,231,212,201,170,162,152,121,84,92,73,65,57,52,36,26,23,13,7,14,7,13,4,5,9,2,4,5,4,5,1,2,5,4,7,4,5,6,4,0,0,1,2,0,1,1,1,2,0,1,2,0,0,0,0,0,0,0,0,0,0,0,0,0,0
1921,2636,3883,4304,4538,4429,3478,4325,4457,4298,4308,4132,3871,3831,3752,2980,3936,3766,3795,4389,5331,1930,1155,1451,1594,1534,1587,1420,1390,1258,1096,826,1061,1171,1240,1251,1199,1203,1193,1143,1085,871,1102,1167,1218,1228,1157,1135,1127,992,800,1011,1096,1113,1133,1084,1071,1006,926,701,883,896,859,877,756,817,792,747,632,462,635,642,611,595,655,598,588,565,407,547,614,562,583,639,664,742,879,460,1022,1312,358,330,332,337,316,313,274,218,272,289,276,326,287,306,289,272,198,265,299,289,305,277,314,266,295,236,305,286,316,264,302,288,278,303,297,205,267,245,249,275,260,304,232,285,226,303,282,308,311,337,341,295,291,242,347,338,328,364,406,371,355,375,343,261,399,378,409,435,437,450,389,446,328,392,410,394,417,365,331,310,294,202,272,268,234,216,240,185,176,102,101,64,86,73,46,27,22,19,19,12,14,12,9,17,12,11,8,12,8,10,8,8,5,8,11,3,6,2,1,2,0,5,4,5,3,1,2,1,1,0,1,2,1,0,2,0,1,1,1,5,3,2,1,4,4,2,3,1,4,9,4,4,2,3,1,0,0,2,2,4,2,2,1,1,0,0
3424,5516,5549,4547,4594,4124,3117,3499,3522,3812,4309,4234,3838,3153,2985,2599,2835,3001,2990,3475,3761,1738,1012,1231,1302,1372,1356,1239,1285,1258,1093,838,998,1109,1051,1028,1007,1022,1036,990,952,792,998,1050,1048,1109,1117,1145,1100,1053,845,1070,1035,1124,1121,1110,1048,970,933,740,887,901,917,861,779,850,787,743,675,533,642,656,687,679,649,659,625,586,483,542,549,585,586,587,611,598,618,432,610,706,706,803,734,643,518,470,384,314,404,408,381,397,350,394,318,319,266,299,343,306,341,313,341,292,304,244,269,252,316,302,241,301,298,282,234,189,247,271,283,240,281,293,281,284,222,246,280,301,276,279,283,288,264,212,309,301,316,355,365,360,357,358,351,274,373,411,444,431,439,461,483,484,341,503,501,532,530,509,533,508,491,403,471,601,617,518,489,421,397,376,286,219,267,273,264,224,197,182,121,89,30,46,29,23,15,9,1,0,2,2,3,2,9,3,1,1,0,0,1,0,1,1,2,2,3,0,2,0,0,0,0,0,0,0,0,0,0,0,0,0,0,0,0,0,0,0,0,0,0,0,0,0,0,0,0,0,0,0,0,0,0,0,0,0,0,0
372,505,548,487,420,460,470,565,632,717,776,767,799,684,880,1015,1093,1224,1329,1370,1442,1393,1024,1312,1514,1631,1891,2493,3422,5551,3788,1994,4155,4757,2878,2187,2293,2211,1936,1764,1412,1072,1351,1366,1286,1210,1162,1077,1104,1027,823,1008,1137,1229,1252,1139,1128,1078,1038,809,1004,1095,1102,1159,1102,1145,1057,1111,933,770,941,1103,1068,1046,1093,1037,991,922,738,856,871,894,865,897,853,820,825,651,823,815,828,796,799,731,803,747,770,618,790,783,810,874,838,889,836,775,650,792,897,886,892,935,955,922,842,668,918,976,1020,1004,992,1007,963,1049,997,816,987,1058,1108,1159,1264,1175,1141,1068,815,1003,1053,1056,987,1070,922,839,729,520,615,668,569,475,487,451,419,392,353,337,356,395,358,436,394,357,358,263,209,301,281,300,315,309,264,235,219,205,221,197,228,212,188,182,132,121,86,53,55,67,57,55,55,38,31,16,18,12,5,5,2,1,5,5,5,2,2,1,3,2,4,1,3,2,2,0,1,0,0,0,0,0,0,0,0,0,0,0,0,0,0,0,0,0,0,0,0,0,0,0,0,0,0,0,0,0,0,0,0,0,0,0,0,0,0,0,0,0,0,0,0,0
1248,1729,1878,1511,1561,1870,2948,4541,5958,3941,2871,2128,1828,1181,1672,1597,1646,1485,1525,1497,1299,934,674,837,916,904,963,926,921,932,814,640,826,969,953,892,933,922,945,926,893,730,903,1031,1048,1098,1182,1131,1095,1148,972,1154,1334,1390,1392,1439,1512,1578,1461,1280,1520,1506,1491,1513,1343,1713,1081,1058,942,713,862,904,888,961,924,869,803,774,645,784,795,765,704,771,669,697,631,535,650,705,724,729,705,728,683,700,646,505,638,668,713,763,726,722,703,698,533,612,721,729,663,725,668,712,605,532,619,679,741,686,643,707,692,649,571,507,624,642,625,645,628,600,591,576,476,642,638,714,661,712,731,673,639,474,607,656,656,697,681,690,678,678,646,490,637,658,654,574,614,590,550,476,379,470,497,496,403,408,426,397,359,215,266,277,285,305,338,267,332,318,274,253,301,329,319,358,367,349,365,319,282,342,375,421,372,404,404,385,349,240,301,305,318,306,260,225,216,193,144,91,119,79,65,62,27,8,1,0,0,0,0,0,0,0,0,0,0,0,0,0,0,0,0,0,0,0,0,0,0,0,0,0,0,0,0,0,0,0,0,0,0,0,0,0,0,0
1,7,13,18,13,23,31,29,56,42,61,66,75,58,96,169,190,236,291,358,416,439,335,453,549,611,804,1183,1478,1848,1691,1144,1854,2410,2701,2507,2375,1897,1752,1699,1478,1244,1810,1819,1936,1999,1813,1718,1600,1482,1134,1449,1634,1677,1720,1847,1807,1846,1819,1497,1993,2159,2016,1903,1680,1505,1399,1287,1100,833,1093,1183,1165,1156,1174,1259,1181,1048,874,1041,1081,1101,1082,1106,1014,1009,936,732,967,1083,1043,951,1007,974,997,962,899,713,896,965,985,966,897,991,953,818,712,861,797,915,881,870,835,869,821,627,934,924,940,907,895,869,832,835,745,655,773,896,894,917,872,886,910,746,653,734,838,842,840,838,834,768,729,595,683,685,713,744,716,777,775,743,651,529,664,695,796,665,709,643,678,612,539,631,724,710,781,729,752,724,656,561,607,625,535,549,536,487,453,422,379,273,320,364,350,339,357,334,271,252,195,281,259,253,261,238,260,233,210,168,200,196,177,141,138,141,83,89,61,40,43,44,18,7,4,3,2,2,2,0,1,0,0,0,0,0,0,0,0,0,0,0,0,0,0,0,0,0,0,0,0,0,0,0,0,0,0,0,0,0,0,0,0,0,0,0
1952,2636,2526,2335,2491,2378,2159,2531,2836,2768,2730,2614,1862,1445,1429,1224,1520,1503,1516,1657,1697,941,646,796,967,974,1046,1042,1088,1214,1104,893,1206,1347,1308,1341,1347,1372,1417,1334,1234,1003,1196,1430,1424,1416,1445,1508,1422,1241,980,1204,1247,1189,1290,1202,1093,1115,1033,849,965,1023,1022,1049,999,975,973,993,938,766,872,958,930,954,988,945,974,888,701,856,891,874,947,830,891,853,797,645,755,830,831,886,889,865,894,825,744,654,767,794,799,825,773,803,881,790,597,781,883,905,910,965,874,921,887,695,790,886,847,848,907,892,923,929,789,646,808,804,803,805,819,835,878,767,611,841,893,933,887,888,988,909,902,685,893,959,952,902,851,812,811,738,622,462,532,602,491,454,411,324,345,294,209,299,286,279,265,257,214,221,201,157,184,178,138,105,124,103,77,83,66,54,57,44,58,63,85,81,56,31,19,18,17,8,6,2,4,3,2,4,2,1,0,0,0,0,0,0,0,0,0,0,0,0,0,0,0,0,0,0,0,0,0,0,0,0,0,0,0,0,0,0,0,0,0,0,0,0,0,0,0,0,0,0,0,0,0,0,0,0,0,0,0,0,0,0
2448,4044,3558,3027,3276,3268,2948,3097,3200,3132,3010,2943,2656,2089,2543,2715,2862,2951,2877,2811,2791,2445,1804,2204,2302,2063,2004,1985,1784,1602,1439,1088,1314,1413,1319,1196,1218,1206,1139,1119,1026,814,987,1069,1156,1051,1113,1085,1132,1094,858,1078,1145,1172,1071,1134,1005,1091,933,796,923,952,935,947,961,872,885,759,698,562,668,646,646,666,617,559,530,514,387,452,541,520,558,549,516,499,465,387,519,556,570,601,580,602,578,575,545,389,662,619,659,594,465,465,451,346,310,381,411,400,414,392,410,361,380,295,301,327,329,397,362,359,342,336,295,296,298,381,420,360,350,376,335,299,231,323,347,353,313,337,334,381,337,295,344,368,393,379,386,412,421,451,366,351,427,443,477,442,445,417,399,369,313,402,411,442,465,428,485,442,419,330,419,436,476,514,484,478,497,458,450,295,425,477,446,407,390,354,353,282,272,291,292,289,271,240,215,184,165,123,124,122,88,96,53,46,62,55,48,34,46,39,40,23,13,10,5,8,3,7,16,15,1,3,4,3,3,3,0,0,0,1,0,2,2,3,4,0,3,5,1,3,0,0,0,0,0,0,0,0,0,0,0,0,0,0
2032,2729,3208,2914,3032,3114,2753,3024,3088,3197,3015,3077,3136,2922,3700,2896,3631,3883,3798,4423,5469,1931,1258,1534,1690,1740,1667,1662,1579,1575,1424,1075,1301,1341,1336,1321,1338,1259,1208,1270,1158,913,1127,1149,1145,1099,1203,1137,1221,1100,872,1052,1096,1121,1085,1027,1037,969,948,749,866,933,899,802,820,731,683,691,611,521,624,618,647,571,609,586,615,625,484,631,710,730,816,785,852,855,742,430,543,549,475,418,359,371,371,364,347,269,324,344,347,313,305,305,317,291,245,309,318,299,324,296,277,287,261,211,266,310,245,295,307,314,318,274,258,234,277,263,326,321,293,299,262,300,245,315,346,339,379,396,392,381,345,312,371,357,383,415,440,432,477,447,454,343,487,470,534,527,500,564,567,628,420,621,662,695,700,729,783,686,633,445,601,654,616,640,628,678,604,573,448,256,325,260,224,151,113,51,38,18,3,7,6,9,5,4,2,2,2,1,3,4,5,9,8,7,8,10,11,6,11,11,5,9,9,10,3,4,4,4,5,9,10,8,7,8,5,5,5,5,8,4,4,6,4,5,5,3,5,7,8,5,2,1,2,0,0,0,0,0,0,0,0,0,0,0
1535,2035,2256,2128,2290,2422,2273,2504,2677,2834,3159,3376,3524,3016,2954,2496,2689,2715,2855,3030,2885,1575,1049,1330,1310,1311,1322,1251,1120,1194,1068,785,1048,1065,1085,986,987,928,899,908,856,752,901,1069,1094,1062,1152,1125,1098,1084,886,1095,1286,1302,1364,1319,1325,1338,1160,1004,1233,1300,1353,1292,1246,1307,1209,1155,1035,836,1020,996,972,992,915,925,826,823,633,796,782,798,762,768,795,768,728,597,793,741,726,708,744,787,751,712,661,469,585,582,600,593,591,627,555,504,417,504,555,564,524,481,545,550,467,424,482,512,472,460,479,476,482,492,481,362,446,488,450,453,449,400,405,403,304,374,388,368,400,405,372,437,421,320,397,411,448,464,484,548,519,519,445,373,471,482,485,455,501,490,539,481,401,505,506,529,558,542,568,581,538,364,495,513,491,452,467,499,479,427,419,370,424,456,460,412,355,292,244,187,117,144,149,108,56,78,39,31,36,26,30,23,20,18,24,14,19,18,12,21,13,6,7,8,6,9,11,6,10,7,18,9,14,16,11,11,12,4,6,7,5,3,9,7,11,10,12,6,11,10,7,8,13,20,12,4,6,6,7,8,11,14,15,15,21,42
446,586,540,535,572,523,538,535,617,652,627,732,612,570,747,897,1037,1199,1332,1256,1440,1503,1160,1532,1916,2162,2286,2667,3144,2816,2421,1742,2349,2736,2658,2602,2574,2599,2542,2178,1693,1236,1555,1601,1639,1488,1475,1462,1459,1255,957,1087,1192,1193,1183,1238,1230,1185,1039,861,1146,1169,1097,1143,1055,1070,1048,974,901,705,935,967,989,1020,1033,986,955,886,672,872,797,850,792,789,844,811,799,627,753,848,805,790,758,786,760,777,777,590,792,856,882,876,877,862,773,772,659,798,818,908,882,894,851,796,810,668,790,822,815,846,858,889,959,982,964,743,897,1033,1070,1103,1123,1168,1063,968,755,958,1085,1088,1097,1021,996,981,834,618,828,760,826,782,761,716,715,713,623,473,585,562,641,627,601,580,555,471,393,442,445,461,417,389,328,280,246,189,188,208,189,147,131,109,108,73,63,37,26,31,14,2,9,2,3,0,2,0,1,1,2,3,3,5,3,0,0,0,0,0,0,0,1,1,0,0,1,2,1,2,0,1,0,0,0,0,0,0,0,0,0,0,0,0,0,0,0,0,0,0,0,0,0,0,0,0,0,0,0,0,0,0,0,0,0,0,0,0,0,0,0,0
980,1433,1496,1284,1504,1603,1740,1936,2144,2014,1690,1502,1344,957,1030,913,845,850,927,887,856,598,381,522,539,557,584,553,617,553,540,447,594,626,737,692,768,799,817,810,806,709,875,1002,1097,1142,1255,1299,1300,1334,1152,1277,1508,1590,1557,1549,1640,1628,1516,1237,1621,1763,1763,1804,1637,1925,1265,1251,1113,920,1071,1132,1097,1132,1143,1067,1031,897,768,883,949,915,1000,973,955,932,782,753,784,924,908,953,966,1027,911,909,853,678,807,874,958,978,936,952,877,859,671,836,898,916,985,940,990,937,861,706,873,986,1019,994,994,1040,1074,1012,916,776,967,1048,1084,1083,993,951,1009,918,793,941,1062,1049,1008,1024,1008,892,836,690,778,858,869,876,817,795,772,745,680,522,591,607,601,609,511,507,458,414,342,401,394,412,394,387,352,343,310,255,313,308,332,348,318,324,310,319,299,256,325,352,374,366,319,351,338,338,263,347,343,389,449,402,395,379,330,273,340,357,326,289,310,233,224,152,103,76,72,36,21,17,13,7,3,2,0,1,1,1,0,0,0,0,0,0,0,0,0,0,0,0,0,0,0,0,0,0,0,0,0,0,0,0,0,0,0,0,0,0,0,0,0,0
